Unnamed: 0,years,company,title,contents,link
0,2020.05.01.,연합뉴스,"코로나 충격 4월 수출 24% 급감…""주요국 비해 내수는 양호""(종합)","하루평균 수출 17% 감소…99개월만에 무역흑자 행진 멈춰물량보다는 단가 하락 주된 영향…K-방역 제품 수출 호조 지속수출 대기 중인 완성차들[연합뉴스 자료사진]    (서울=연합뉴스) 고은지 기자 = 신종 코로나바이러스 감염증(코로나19)의 충격으로 4월 수출이 급감했다.    무역수지도 98개월 연속 흑자 행진을 멈추고 적자로 돌아섰다.    이는 코로나19가 중국을 넘어 미국, 유럽 등 주요 수요국으로 퍼진 데 따른 현상으로 수출물량은 비교적 선방했고 내수 또한 양호한 수준인 것으로 나타났다.    산업통상자원부는 코로나19가 본격화함에 따라 글로벌 수요 위축, 조업일수 감소, 역기저효과 등의 요인으로 지난달 수출이 지난해 같은 달보다 24.3% 감소한 369억2천만달러에 그쳤다고 1일 밝혔다.    조업일수를 고려한 하루평균 수출은 17.4% 감소했다.     2∼3월에는 주로 대(對)중국 수출이 부진했다면 4월에는 미국, 유럽연합(EU), 동남아시아국가연합(ASEAN·아세안) 등 주요 시장이 모두 코로나19의 영향을 받아 전 지역 수출이 감소했다.    특히 대EU 수출은 유럽 각국의 제한 조치에 따른 수요 위축과 생산 감소로 4월 일평균 수출이 올해 들어 가장 낮은 2억달러에 머물렀다.    대중 수출은 중국 내 조업 중단으로 2월 일평균 수출이 10년 만에 처음 4억달러를 밑돌았으나 3∼4월 들어 확산세가 둔화하면서 코로나19 이전 수준을 회복했다.    품목별로는 공급과 수요 충격이 동시에 오면서 자동차와 차부품이 -36.3%, -49.6%의 가파른 낙폭을 보였고, 수요가 얼어붙어 반도체는 14.9%, 철강은 24.1%, 스마트폰은 43.6% 감소했다.    다만 한국산 방역제품에 대한 수요가 커지면서 바이오·헬스 수출은 29.0% 늘었고 재택근무 확산 등에 따라 컴퓨터 수출은 99.3% 급증했다.    국제유가 급락 속에서 수출단가는 15.0% 하락했다. 수출물량은 11.0% 줄었고 조업일수를 고려하면 -2.9%로 비교적 선방했다.    산업부 관계자는 ""한국 수출은 2월에 14개월 연속 수출 부진의 고리를 끊었고 3월에는 코로나19 영향에도 비교적 선방했지만, 3월 중순 이후 발생한 미국 유럽 등 선진국의 강력한 록다운(봉쇄령)과 공장 셧다운(일시적 가동정지)으로 4월 수출이 영향을 받았다""고 설명했다.    수입은 15.9% 하락한 378억7천만달러를 기록했다. 코로나19 상황에서 미국, 유럽 등과 달리 국내 제조업은 셧다운 없이 정상 가동하면서 중간재와 자본재가 꾸준히 수입돼 수출 대비 하락 폭이 완만했다.    이에 따라 무역수지는 9억5천만달러 적자를 내면서 99개월 만에 흑자 행진을 멈췄다.    앞서 글로벌 금융위기 당시 나타난 무역적자와 비교하면 민간소비와 국내생산에 기여하는 자본재·중간재 수입이 계속 유지돼 내수 여건이 상대적으로 양호함을 보여줬다.코로나19 영향 수출 감소 (CG)[연합뉴스TV 제공]    2009년 1월은 자본재(-31.3%)와 중간재(-28.2%) 수입이 큰 폭으로 감소했고, 이는 생산과 투자에도 영향을 미쳐 10개월 연속 수출이 부진한 결과를 낳았다.    산업부는 ""코로나19 상황에서도 한국 제조업은 주요국에 비해 정상 가동하는 가운데 수출보다 수입 감소율이 낮아지면서 적자가 발생했다""면서 ""국내 제조업이 정상 가동 중이고 주요국 대비 내수 여건도 나쁘지 않아 '불황형' 적자와는 구조적으로 다른 일시적 현상""이라고 설명했다.    3월 기준 주요국 수출은 중국 -6.6%, 일본 -11.7%, 독일 -3.5%로 한국의 -0.7%보다 낙폭이 훨씬 컸다.    성윤모 산업부 장관은 ""코로나19라는 미증유의 복합 위기에 따른 글로벌 생산 차질, 이동제한 및 국제유가 급락 등에 따라 4월 수출이 큰 폭으로 감소했다""면서도 ""한국은 성공적인 방역국이자 안전한 생산·공급기지로 주목받고 있어 코로나19 글로벌 진정세가 확산하면 수출이 다시 반등·도약할 수 있을 것""이라고 전망했다.    아울러 ""4월 무역수지 적자는 수입보다 수출 감소 폭이 더 커서 나타난 현상이며 국내 제조업이 정상 가동되는 데 필요한 자본재·중간재 수입이 계속되는 상황 속에 발생한 것이라는 점에서 결코 부정적이지 않다""고 강조했다.[표] 4월 수출입 실적                    (단위: 백만달러, %)※ 통관 기준 잠정치▶코로나19 속보는 네이버 연합뉴스에서 [구독 클릭]▶[팩트체크] 연합뉴스가 확인한 '팩트' 이렇습니다▶제보하기",https://news.naver.com/main/read.nhn?mode=LSD&mid=sec&sid1=101&oid=001&aid=0011582832
2,2020.05.01.,ZDNet Korea,"[종합] 코로나 쇼크, 4월 수출 24.3%↓…99개월 만에 무역수지 적자","美·EU·中 수출 감소 영향…국내 제조업은 정상가동·내수 여건 상대적 양호(지디넷코리아=주문정  기자)4월 수출이 코로나19의 본격적인 영향을 받아 지난해 같은 달보다 24.3% 감소한 369억2천만달러에 그쳤다. 수입은 378억7천만달러, 무역수지는 9억5천만달러 적자를 기록했다. 무역수지 적자가 적자로 전환한 것은 99개월 만이다.산업통상자원부는 4월 수출은 코로나19에 따른 글로벌 생산중단(셧다운), 이동제한(락다운), 유가하락 등 전에 없는 복합 위기가 겹쳐 큰 폭으로 감소했다고 1일 밝혔다.산업부는 4월 수출이 줄어든 것은 코로나19 외에 조업일수 이틀 부족하고 지난해 4월 수출이 연중 최고 수준(488억달러)이었던 역기저효과 등이 불리한 여건으로 작용했기 때문으로 분석했다. 단가가 15% 하락한 것도 수출이 큰 폭으로 감소한 요인으로 작용했다.99개월 만에 무역수지가 적자로 전환한 것은 코로나19 본격화로 주요 시장 수입수요 감소 영향으로 수출이 감소한 반면에 우리 제조업은 셧다운 없이 정상 가동하면서 중간재와 자본재 수입이 늘어났기 때문이다.산업부는 과거 글로벌 금융위기로 수출과 수입이 모두 급감해 무역수지 적자가 발생한 2009년 1월보다는 수입 구조가 상대적으로 양호한 것으로 평가했다. 4월 무역수지 적자는 과거 고유가에 따른 에너지 수입 증가와 수출보다 수입이 더 많이 감소하는 불황형 시기와는 달리 구조적으로 양호하다는 설명이다.대한항공 여객기가 공항 주기장에서 비행대기하고 있다■ 지역별 수출 동향미국·유럽의 이동제한과 생산중단에 의한 수입 수요 금감에 따른 시장 급랭과 중국 경기 회복 지연 영향으로 주력시장 뿐만 아니라 모든 지역 수출이 감소했다.중국 수출은 중국 조업중단으로 2월 하루 평균 수출이 10년 만에 처음으로 4억달러를 밑돌았으나 3~4월 확산세 둔화로 코로나19 이전 수준인 4억5천만~4억6천만달러를 기록했다.EU 수출은 유럽 각국의 이동제한·공장 가동중단 조치에 따른 수요 위축과 생산 감소로 4월 하루 평균 수출이 2020년 1월 이후 최저치인 2억달러 수준으로 떨어졌다. 특히, 자동차(4억6천만달러, -21.4%)·차부품(1억6천만달러, -53.5%)·일반기계(4억1천만달러, -17.6%)·철강(1억7천만달러, -33.3%) 분야 수출이 감소했다.미국 수출은 코로나19의 가파른 확산에 따른 대부분 판매매장의 운영 중단, 소비자들의 외출제한으로 4월부터 하루 평균 수출이 급격하게 감소했다. 지난해 4월 2억6천만달러였던 하루 평균 수출액이 올해 4월 5.6% 적은 2억4천만달러로 줄어들었다. 스마트폰(1억7천만달러, -63.8%)·자동차(8억6천만달러, -16.7%)·가전(1억5천만달러, -9.2%) 등 소비재 판매 부진에 따른 수출 감소가 두드러졌다.아세안 수출 역시 코로나19로 인한 각국 정부차원의 조업제한과 지역사회 격리조치 영향으로 4월 하루 평균 수출이 2016년 8월 이후 최저 수준인 2억6천만달러로 하락했다. 공장 가동중단에 따른 차부품·일반기계 등 자본재 수요위축과 대면 영업 차질로 인한 스마트폰·가전 등 소비재 수출이 감소했다.■ 품목별 상세 수출 동향자동차는 SUV·친환경차 수출 비중 증가로 단가는 지속적으로 상승하고 있으나 코로나19 확산에 따른 미국·유럽 등 주요 시장 락다운, 해외 딜러들의 영업 중단에 따른 수요 급감으로 수출이 36.3% 감소했다.자동차 부품은 주요 시장에서 코로나19가 급격하게 확산해 소비 심리가 위축되고 중국내 경기둔화에 따른 자동차 내수시장 침체, 유럽 현지 완성차 공장 가동 중단 등으로 49.6% 줄었다.석유화학은 자동차·가전 등 전방산업 가동이 부진한 반면 세계 석유화학 공장은 정상 가동해 공급과잉이 확대되고 국제유가 하락으로 제품단가가 하락해 수출이 33.6% 감소했다.석유제품 역시 코로나19 확산에 따른 글로벌 석유수요 급감, 국제유가 급락에 따른 큰 폭의 수출단가 하락 등으로 56.8% 줄어들었다.무선통신은 코로나19 확산 영향으로 관련 소매점 영업중단, 글로벌 휴대폰 수요 감소 장기화 조짐에 따른 생산 감소 추세, 해외 휴대폰 조립 공장 가동중단 연장으로 인한 부품 수출이 감소했다. 휴대폰 완제품은 43.6$ 줄어든 3억달러, 관련 부품은 30.5% 줄어든 3억5천만달러에 그쳤다.디스플레이 역시 코로나19 확산에 따른 중국·유럽 등의 TV·스마트폰 수요 급감 영향으로 OLED 수출 부진, 국내 업체의 OLED 사업재편으로 인한 LCD 수출 감소 등으로 39.1% 감소한 10억달러를 기록했다.가전은 유로 2020, 도쿄올림픽 등 글로벌 스포츠 빅이벤트 연기, 북미·유럽 지역 가전 유통망 셧다운으로 인한 우리 기업 제품 공급 차질, 이동제한 명령에 따른 수요 위축으로 32% 감소한 4억2천만달러 수준으로 하락했다.반도체는 D램 고정가격 상승에도 역기저 효과와 스마트폰용 수요 감소, 글로벌 경기 둔화에 따른 선구매 축소 등의 영향으로 14.9% 감소한 71억8천만달러에 그쳤다.이차전지는 에너지저장시스템(ESS) 수출 증가에도 미국내 우리 기업의 화학·배터리·자동차 공장 가동중단 연장에 따른 부분품 수출 감소, 유럽 주요 전기차 공장 가동중단 연장에 따른 전기차용 배터리 수출 감소로 10.7% 감소한 5억7천만달러에 머물렀다.늘어난 품목도 있다. 컴퓨터는 코로나19 확산에 따른 재택근무 활성화와 학교 온라인 강의 대체, 데이터센터 시장의 전자상거래 관련 SSD 수요 증가 등에 힘입어 7개월 연속 증가세를 이어갔다. 수출액은 99.3% 늘어난 10억5천만달러를 기록했다.바이오헬스 분야도 중국·일본·미국 등 세계적인 약품가격인하 추세에도 아세안·EU·미국 등 시장에서 코로나19 진단키트 등 우리 기업 방역제품 선호현상이 확산하고 가격대비 성능이 우수한 국산 의료기기 제품 수요가 꾸준히 늘어 8개월 연속 증가했다. 수출액은 29% 증가한 1억9천만달러다.■ 산업부 수출 총력 대응 강화산업부는 지난 2월 수출이 14개월 만에 플러스로 전환했고 3월에도 주요국가보다 비교적 선방했으나 코로나19라는 미증유의 복합 위기로 글로벌 생산차질, 이동제한, 국제유가 급락 등에 따라 4월 수출이 큰 폭으로 감소한 것으로 분석했다.성윤모 산업통상자원부 장관(가운데)은 29일 인천국제공항 제1터미널 주기장에서 코로나19로 항공화물 운송에 어려움을 겪는 우리기업을 격려하기 위해 중국 충칭과 인도네시아 자카르타에성윤모 산업부 장관은 “코로나19에 따른 최근 우리나라 수출 부진 상황을 엄중하게 인식하고 있다”며 “지난 2월 국무총리 주재 ‘확대무역전략조정회의’를 신설해 범국가적 총력대응 체계를 가동하고 4월에는 대통령 주재 ‘비상경제회의’에서 수출활력 제고방안도 추가 마련해 이행하고 있다”고 말했다.성 장관은 “우리 수출 기업이 가장 필요로 하는 유동성 부족 문제 해결을 위해 36조원 규모 무역금융을 적시에 충분히 공급해 수출에 전념할 수 있게 하고 각국의 강력한 이동제한 및 입국제한 조치에 대응하기 위해 수출마케팅을 전면 온라인화해 화상상담회와 온라인 전시회를 확대하겠다”고 밝혔다.성 장관은 특히 “포스트 코로나 시대는 언택트 산업, 홈코노미, K-방역 산업이 이끌 것”으로 보고 “5G 인프라, 진단키트 등 의료기기, 가공식품, 세정제 등 새로운 수출성장동력도 지속적으로 키워나가겠다”고 덧붙였다.산업부는 코로나19 상황에도 우리나라가 성공적인 방역으로 안전한 생산·공급기지로 주목받고 있어 코로나19 글로벌 진정세가 확산되면 수출이 다시 반등할 수 있을 것으로 내다봤다.주문정 기자(mjjoo@zdnet.co.kr) ▶ 지디넷코리아 '홈페이지' ▶ 네이버 채널 구독하기[Copyrightⓒ메가뉴스 & ZDNet & CNET. 무단전재 및 재배포 금지]",https://news.naver.com/main/read.nhn?mode=LSD&mid=sec&sid1=105&oid=092&aid=0002187558
3,2020.05.01.,연합뉴스,코로나 충격 4월 수출 24% 급감…99개월만에 무역흑자 행진 멈춰(종합2보),"수출액 감소율 역대 3위…""글로벌 수요 위축 속 내수 양호한 수준""물량보다는 단가 하락 주된 영향…K-방역 제품 수출 호조 지속(서울=연합뉴스) 고은지 기자 = 신종 코로나바이러스 감염증(코로나19)의 충격으로 4월 수출이 급감했다.산자부 '4월 수출 24.3% 급감'(세종=연합뉴스) 김주형 기자 = 산업통상자원부 나승식 무역투자실장이 1일 오전 세종시 정부세종청사에서 2020년 4월 수출입동향 발표를 하고 있다. kjhpress@yna.co.kr    무역수지도 98개월 연속 흑자 행진을 멈추고 적자로 돌아섰다.    이는 코로나19가 중국을 넘어 미국, 유럽 등 주요 수요국으로 퍼진 데 따른 현상으로 수출물량은 비교적 선방했고 내수 또한 양호한 수준인 것으로 나타났다.    산업통상자원부는 코로나19가 본격화함에 따라 글로벌 수요 위축, 조업일수 감소, 역기저효과 등의 요인으로 지난달 수출이 지난해 같은 달보다 24.3% 감소한 369억2천만달러에 그쳤다고 1일 밝혔다.    수출액으로는 2016년 2월 359억3천만달러 이후 4년 3개월만에 최소치이고, 감소 폭으로는 역대 3위 규모다.    조업일수를 고려한 하루평균 수출은 17.4% 감소했다.     2∼3월에는 주로 대(對)중국 수출이 부진했다면 4월에는 미국, 유럽연합(EU), 동남아시아국가연합(ASEAN·아세안) 등 주요 시장이 모두 코로나19의 영향을 받아 전 지역 수출이 감소했다.    특히 대EU 수출은 유럽 각국의 제한 조치에 따른 수요 위축과 생산 감소로 4월 일평균 수출이 올해 들어 가장 낮은 2억달러에 머물렀다.    대중 수출은 중국 내 조업 중단으로 2월 일평균 수출이 10년 만에 처음 4억달러를 밑돌았으나 3∼4월 들어 확산세가 둔화하면서 코로나19 이전 수준을 회복했다.    품목별로는 공급과 수요 충격이 동시에 오면서 자동차와 차부품이 -36.3%, -49.6%의 가파른 낙폭을 보였고, 수요가 얼어붙어 반도체는 14.9%, 철강은 24.1%, 스마트폰은 43.6% 감소했다.    석유제품은 수출물량이 늘었지만 국제유가가 크게 떨어지면서 수출액이 56.8% 급감했고, 석유화학 역시 33.5%의 높은 감소율을 기록했다.    다만 한국산 방역제품에 대한 수요가 커져 바이오·헬스 수출은 29.0% 늘었고 재택근무 확산 등에 따라 컴퓨터 수출은 99.3% 급증했다.    국제유가 급락 속에서 수출단가는 15.0% 하락했다. 수출물량은 11.0% 줄었고 조업일수를 고려하면 -2.9%로 비교적 선방했다.    산업부 관계자는 ""한국 수출은 2월에 14개월 연속 수출 부진의 고리를 끊었고 3월에는 코로나19 영향에도 비교적 선방했지만, 3월 중순 이후 발생한 미국 유럽 등 선진국의 강력한 록다운(봉쇄령)과 공장 셧다운(일시적 가동정지)으로 4월 수출이 영향을 받았다""고 설명했다.    수입은 15.9% 하락한 378억7천만달러를 기록했다. 코로나19 상황에서 미국, 유럽 등과 달리 국내 제조업은 셧다운 없이 정상 가동하면서 중간재와 자본재가 꾸준히 수입돼 수출 대비 하락 폭이 완만했다.    이에 따라 무역수지는 9억5천만달러 적자를 내면서 99개월 만에 흑자 행진을 멈췄다.    앞서 글로벌 금융위기 당시 나타난 무역적자와 비교하면 민간소비와 국내생산에 기여하는 자본재·중간재 수입이 계속 유지돼 내수 여건이 상대적으로 양호함을 보여줬다.코로나19 영향 수출 감소 (CG)[연합뉴스TV 제공]    2009년 1월은 자본재(-31.3%)와 중간재(-28.2%) 수입이 큰 폭으로 감소했고, 이는 생산과 투자에도 영향을 미쳐 10개월 연속 수출이 부진한 결과를 낳았다.    산업부는 ""코로나19 상황에서도 한국 제조업은 주요국에 비해 정상 가동하는 가운데 수출보다 수입 감소율이 낮아지면서 적자가 발생했다""면서 ""국내 제조업이 정상 가동 중이고 주요국 대비 내수 여건도 나쁘지 않아 '불황형' 적자와는 구조적으로 다른 일시적 현상""이라고 설명했다.    3월 기준 주요국 수출은 중국 -6.6%, 일본 -11.7%, 독일 -3.5%로 한국의 -0.7%보다 낙폭이 훨씬 컸다.    성윤모 산업부 장관은 ""코로나19라는 미증유의 복합 위기에 따른 글로벌 생산 차질, 이동제한 및 국제유가 급락 등에 따라 4월 수출이 큰 폭으로 감소했다""면서도 ""한국은 성공적인 방역국이자 안전한 생산·공급기지로 주목받고 있어 코로나19 글로벌 진정세가 확산하면 수출이 다시 반등·도약할 수 있을 것""이라고 전망했다.    아울러 ""4월 무역수지 적자는 수입보다 수출 감소 폭이 더 커서 나타난 현상이며 국내 제조업이 정상 가동되는 데 필요한 자본재·중간재 수입이 계속되는 상황 속에 발생한 것이라는 점에서 결코 부정적이지 않다""고 강조했다.[표] 4월 수출입 실적                    (단위: 백만달러, %)※ 통관 기준 잠정치▶코로나19 속보는 네이버 연합뉴스에서 [구독 클릭]▶[팩트체크] 연합뉴스가 확인한 '팩트' 이렇습니다▶제보하기",https://news.naver.com/main/read.nhn?mode=LSD&mid=sec&sid1=101&oid=001&aid=0011583027
4,2020.05.01.,연합뉴스,"코로나19 신규확진 9명, 총 1만774명…해외유입 8명·국내 1명(종합)","격리해제 9천72명·완치율 84.2%…사망 1명 늘어 248명·치명률 2.3%[연합뉴스TV 제공]    (서울=연합뉴스) 김잔디 기자 = 1일 국내 신종 코로나바이러스 감염증(코로나19) 확진자가 9명 늘어났다. 해외유입 사례가 8명, 국내 지역사회 발생이 1명이다.    중앙방역대책본부는 이날 0시 기준 코로나19 확진자가 전날 0시보다 9명 늘어나 총 1만774명으로 집계됐다고 밝혔다.     신규 확진자 9명 중 8명은 해외 유입 사례다. 이 중 4명은 공항 검역 과정에서 확인됐다. 나머지는 서울에서 1명, 인천에서 1명, 경기에서 2명 등 지역사회로 돌아간 상태에서 '양성' 판정을 받았다.     국내에서 발생한 사례는 경북에서 보고된 1명이다.     부산, 대구, 광주, 대전, 울산, 세종, 강원, 충북, 충남, 전북, 전남, 경남, 제주 등에서는 신규 확진자가 나오지 않았다.     이날 0시 기준 코로나19 확진자 중 사망자는 누적 248명이다. 전날 경기도 명지병원에서 입원 치료 중이던 확진자 1명이 사망했다.     국내 평균 치명률은 2.3%다. 단 고령일수록 치명률이 가파르게 높아지는 경향을 보인다. 연령대별 치명률은 60대 2.60%, 70대 10.58%, 80세 이상 24.28% 등이다.     완치해 격리 해제된 확진자는 13명이 늘어 총 9천72명이 됐다. 국내 완치율은 84.2%다. 현재 격리 상태에서 치료 중인 확진자는 1천454명이다.     이날 0시까지 지역별 누적 확진자 수는 대구 6천852명, 경북 1천366명, 경기 678명, 서울 634명 등이다.     성별로는 여성이 6천418명(59.57%)으로 남성 4천356명(40.43%)보다 많다. 단 치명률은 남성이 2.98%로 여성(1.84%)에 비해 높은 편이다.     연령별로는 20대가 2천957명(27.45%)으로 가장 많고 50대가 1천956명(18.15%)으로 그다음이다. 40대 1천429명(13.26%), 60대 1천348명(12.51%), 30대 1천159명(10.76%) 순이다.     지금까지 코로나19 진단검사를 받은 사람은 총 62만3천69명이다. 이 중 60만3천610명이 '음성'으로 확인됐다. 8천685명은 검사 중이다.     중앙방역대책본부는 매일 오전 10시께 그날 0시 기준으로 코로나19 일별 환자 통계를 발표하고 있다.     jandi@yna.co.kr▶코로나19 속보는 네이버 연합뉴스에서 [구독 클릭]▶[팩트체크] 연합뉴스가 확인한 '팩트' 이렇습니다▶제보하기",https://news.naver.com/main/read.nhn?mode=LSD&mid=sec&sid1=102&oid=001&aid=0011582898
5,2020.05.01.,한경닷컴,[종합] 코로나 확진자 9명 증가…8명은 해외 유입,"서울 중구 국립중앙의료원 선별진료소 앞이 한산한 모습을 보이고 있다. 연합뉴스국내 신종 코로나바이러스 감염증(코로나19) 확진자가 9명 늘었다. 이 가운데 8명은 해외 유입 사례다.1일 중앙방역대책본부에 따르면 이날 0시 기준 코로나19 확진자는 전날 0시보다 9명 늘어난 1만774명으로 집계됐다. 신규 확진자 9명 가운데 국내 발생 사례는 1명뿐이다. 8명은 해외에서 유입됐다.해외 유입 8명 가운데 4명은 공항 검역 과정에서 확인됐다. 나머지 4명은 지역사회로 돌아간 이후 양성 판정을 받았다. 서울 1명, 인천 1명, 경기 2명 등이다. 국내 발생 사례는 경북 1명이다. 나머지 지역에선 신규 확진자가 나오지 않았다.코로나19로 인한 사망자는 누적 248명이다. 전날 경기 명지병원에서 입원 치료중이던 확진자 1명이 사망했다. 국내 평균 치명률은 2.3%로 나타났다. 고령자일수록 가파르게 높아지는 경향이 나타났다. 연령대별 치명률은 60대 2.60%, 70대 10.58%, 80세 이상 24.28% 등이다.완치해 격리 해제된 확진자는 9072명으로 집계됐다. 전날보다 13명이 증가했다. 국내 완치율은 84.2%다. 격리 상태에서 치료중인 환자는 1454명이다.누적 확진자는 여성이 남성보다 많았다. 여성이 6418명(59.57%)으로 남성 4356명(40.43%)보다 2000명가량 많은 수준을 보였다. 연령별로는 20대가 2957명(27.45%)으로 가장 많았다. 50대 1956명(18.15%), 40대 1429명(13.26%), 60대 1348명(12.51%), 30대 1159명(10.76%) 순을 보였다.코로나19 진단검사를 받은 사람은 모두 62만3069명으로, 이 가운데 60만3610명이 음성 판정을 받았다. 8685명은 검사 중이다.한경닷컴 뉴스룸 open@hankyung.com▶ 네이버에서 한국경제 뉴스를 받아보세요▶ 한경닷컴 바로가기  ▶ 모바일한경 구독신청 ⓒ 한국경제 & hankyung.com, 무단전재 및 재배포 금지",https://news.naver.com/main/read.nhn?mode=LSD&mid=sec&sid1=102&oid=015&aid=0004333488
6,2020.05.01.,media KHAN,[속보]코로나19 신규 확진자 9명···8명이 해외 유입 사례,"지난달 29일 제주국제공항에 도착한 이들이 마스크를 쓰고 주차장으로 향하고 있는 모습 | 연합뉴스질병관리본부 중앙방역대책본부는 1일 오전 0시 기준 코로나19 확진자가 1만774명이라고 밝혔다. 전날 오전 0시 대비 9명이 늘었다.최근 신규 확진자 수는 28일 14명, 29일 9명 30일 4명에 이어 이날 9명을 기록했다.신규 확진자들 중 8명은 해외 유입 사례다. 4명은 공항 검역 과정에서 확인됐으며 경기 2명, 서울·인천 각각 1명씩은 지역사회로 돌아간 상태에서 ‘양성’ 판정을 받았다.국내 발생 사례는 경북 1명이다.현재까지 확인된 사망자는 248명이다. 전날 같은 시각 대비 1명의 사망자가 추가됐다.완치로 격리해제된 확진자는 13명이 늘어 총 9072명이다.김동성 기자 estar@kyunghyang.com▶ 장도리 | 그림마당 보기▶ 경향신문 바로가기▶ 경향신문 구독신청하기?경향신문(www.khan.co.kr), 무단전재 및 재배포 금지",https://news.naver.com/main/read.nhn?mode=LSD&mid=sec&sid1=102&oid=032&aid=0003006785
7,2020.05.01.,연합뉴스,[2보] 코로나19 확진자 어제 9명 증가…해외유입 8명·국내발생 1명,"확진자 총 1만774명…사망 1명 늘어 248명·완치 9천72명 [연합뉴스TV 제공]    (서울=연합뉴스) 김잔디 기자 = 1일 국내 신종 코로나바이러스 감염증(코로나19) 확진자가 9명 늘어났다. 해외유입 사례가 8명, 국내 지역사회 발생이 1명이다.    중앙방역대책본부는 이날 0시 기준 코로나19 확진자가 전날 0시보다 9명 늘어나 총 1만774명으로 집계됐다고 밝혔다.     신규 확진자 9명 중 8명은 해외 유입 사례다. 이 중 4명은 공항 검역 과정에서 확인됐다. 나머지는 서울에서 1명, 인천에서 1명, 경기에서 2명 등 지역사회로 돌아간 상태에서 '양성' 판정을 받았다.     국내에서 발생한 사례는 경북에서 보고된 1명이다.     이날 0시 기준 코로나19 확진자 중 사망자는 누적 248명이다. 전날 경기도 명지병원에서 입원 치료 중이던 확진자 1명이 사망했다.     완치해 격리 해제된 확진자는 13명이 늘어 총 9천72명이 됐다. 국내 완치율은 84.2%다. 현재 격리 상태에서 치료 중인 확진자는 1천454명이다.     jandi@yna.co.kr▶코로나19 속보는 네이버 연합뉴스에서 [구독 클릭]▶[팩트체크] 연합뉴스가 확인한 '팩트' 이렇습니다▶제보하기",https://news.naver.com/main/read.nhn?mode=LSD&mid=sec&sid1=102&oid=001&aid=0011582852
8,2020.05.01.,채널A,코로나19 신규 확진자 9명…해외 유입 8명,"황금 연휴 시작으로 붐비는 제주 공항. 30일 오전 제주국제공항 1층 국내선 도착장이 관광객들의 발길로 분주하다. 사진=뉴시스  코로나19 신규 확진자가 하루사이 9명 늘었습니다. 해외유입 사례가 8명, 지역 감염 사례가 1명입니다.  중앙방역대책본부는 오늘(1일) 0시 기준 코로나19 확진자가 전날보다 9명 늘어나 총 10774명으로 집계됐다고 밝혔습니다.  신규확진자 9명 중 8명은 해외 유입 사례입니다. 이 중 4명은 공항 검역과정에서 확인됐고, 나머지는 서울 1명, 인천 1명, 경기 2명 등 각자 지역으로 돌아간 상태에서 확인됐습니다.   해외에 나간 이력이 없는 지역 감염 사례는 경북에서 1명 나왔습니다.  사망자는 1명 추가됐습니다. 국내 총 사망자 수는 총 248명으로 집계됐습니다.  곽정아 기자  kwak@donga.com ▶ '채널A' LIVE 무료 보기▶ 네이버에서 '채널A' 구독하기▶[기사 보기][단독]사채왕의 무노동 ‘황제 노역’…일당 900만 원꿈을 담는 캔버스 채널A  ⓒCHANNEL A(www.ichannela.com), 무단 전재 및 재배포 금지",https://news.naver.com/main/read.nhn?mode=LSD&mid=sec&sid1=102&oid=449&aid=0000191028
9,2020.05.01.,헤럴드경제,코로나19 신규 확진자 9명 '해외 8명·경북 1명',"해외유입 8명 중 4명은 공항서 확인전날 72명 지역발생 0명 기록 → 이날 다시 1명[헤럴드경제=정경수 기자] 1일 국내 코로나19 확진자는 전날보다 9명 증가한 것으로 집계됐다. 이 중 8명은 해외 유입 사례고, 전국의 지역에서 발생한 환자는 1명을 기록했다.중앙방역대책본부(방대본)는 이날 0시 기준 코로나19 확진자가 전날 0시보다 9명 늘어나 총 1만774명을 기록했다고 밝혔다.방대본 발표일 기준으로 일일 신규 확진자 수는 18일에 18명으로 10명대로 감소한 뒤 19일부터 이날까지 12일째 4~14명을 기록하는 안정적인 추세를 이어갔다. 전날에는 4명으로 줄어 31번 환자가 발생한 2월 18일 이후 72일 만에 최저치를 기록한 바 있다.신규 확진자 9명 중 8명은 모두 해외 유입 사례다. 이 중 4명은 공항 검역 과정에서 확인됐고, 나머지는 서울과 인천에서 각 1명씩, 경기에서 2명이 확진됐다. 국내서 감염된 사례는 경북 1명에 그쳤다. 이날 0시 기준 코로나19 확진자 중 사망자는 누적 248명이다. 전날 1명이 사망했다.치명률은 평균 2.30%이지만 60대에 2.60%, 70대 10.58%, 80세 이상 24.28% 등으로 고령일수록 급격히 높아진다.완치해 격리 해제된 확진자는 전날 13명이 늘어 총 9072명이 됐다. 현재 격리 치료를 받는 환자 수는 1454명으로 5명이 줄었다.방대본은 매일 오전 10시께 그날 0시 기준으로 코로나19 일별 환자 통계를 발표하고 있다.kwater@heraldcorp.com▶[디;콘] 우리동네 젠트리피케이션 위험도는?▶코로나19 현황보기 ▶전국 농수축산물 소비 캠페인 - Copyrights ⓒ 헤럴드경제 & heraldbiz.com, 무단 전재 및 재배포 금지 -",https://news.naver.com/main/read.nhn?mode=LSD&mid=sec&sid1=101&oid=016&aid=0001668741
10,2020.05.01.,서울경제,코로나19 확진자 어제 9명 증가···해외유입은 8명,"확진자 총 1만774명···사망 1명 늘어 248명·완치 9,072명정세균 국무총리가 1일 오전 정부서울청사에서 열린 신종 코로나바이러스 감염증(코로나19) 대응 중앙재난안전대책본부 회의에 참석하고 있다. /연합뉴스[서울경제] 1일 국내 신종 코로나바이러스 감염증(코로나19) 확진자가 9명 늘어났다. 해외유입 사례가 8명, 국내 지역사회 발생이 1명이다.중앙방역대책본부에 따르면 이날 0시 기준 코로나19 확진자가 전날 0시보다 9명 늘어나 총 1만774명으로 집계됐다.신규 확진자 9명 중 8명은 해외 유입 사례다. 이 중 4명은 공항 검역 과정에서 확인됐다. 나머지는 서울에서 1명, 인천에서 1명, 경기에서 2명 등 지역사회로 돌아간 상태에서 ‘양성’ 판정을 받았다. 국내에서 발생한 사례는 경북에서 보고된 1명이다. 이날 0시 기준 코로나19 확진자 중 사망자는 누적 248명이다. 전날 경기도 명지병원에서 입원 치료 중이던 확진자 1명이 사망했다. 완치해 격리 해제된 확진자는 13명이 늘어 총 9,072명이 됐다. 국내 완치율은 84.2%다. 현재 격리 상태에서 치료 중인 확진자는 1,454명이다./김창영기자 kcy@sedaily.com[서울경제 바로가기]▶ 네이버 채널에서 '서울경제' 구독해주세요!▶ 세상 모든 것에 대해 던지는 질문, 왜(WHY)?저작권자 ⓒ 서울경제, 무단 전재 및 재배포 금지",https://news.naver.com/main/read.nhn?mode=LSD&mid=sec&sid1=102&oid=011&aid=0003732066
11,2020.05.01.,KBS,"유엔총장, 코로나19·기후변화 거론 “한국, 따라야할 본보기”","안토니우 구테흐스 유엔 사무총장은 현지시각 30일 코로나19와 기후변화와 관련한 한국의 대응을 거론하면서 ""주목할 만한 본보기(remarkable example)""라고 평가했습니다. 구테흐스 사무총장의 이 같은 언급은 화상 기자회견에서 기후변화와 관련해 답변하다가 나왔습니다. 구테흐스 사무총장은 ""주목할만한 본보기로, 코로나19와 기후변화에 대한 싸움을 어떻게 조합할 수 있는지를 보여주는 한 가지 예를 제시하고자 한다""면서 ""그것은 한국""이라고 말했습니다. 이어 해외 유입 사례 4명을 제외하고, 국내 발생 코로나19 감염자가 '0명'을 기록한 한국의 30일 상황을 전하면서 ""한국은 코로나19 대응에서 굉장히 성공적이었다""고 평가했습니다. 이와 함께 한국은 석탄화력발전소 감축과 (탄소)배출 감축 등 '그린 딜'(Green Deal) 계획을 제출했다면서 ""매우 야심 찬 그린 딜""이라고 강조했습니다. 구테흐스 사무총장은 ""이는 어디에서나 따라야 할 본보기""라면서 ""전 세계 많은 다른 나라들이 한국의 사례를 따르기를 희망한다""고 말했습니다. 구테흐스 사무총장은 북한 김정은 국무위원장의 건강 이상설에 대한 질문에는 ""김 위원장의 상황에 대해서는 아무런 정보가 없다""고 언급했습니다. [사진 출처 : 연합뉴스]노윤정 기자 (watchdog@kbs.co.kr)▶ ‘코로나19 팩트체크’ 제대로 알아야 이긴다▶ 우리 동네 무슨 일이? KBS지역뉴스▶ 더 빠르고 정확한 소식을 원하시면 KBS뉴스 구독!",https://news.naver.com/main/read.nhn?mode=LSD&mid=sec&sid1=104&oid=056&aid=0010828218
13,2020.05.01.,financial news,비자만료 외국인 39만명 코로나19 진단·치료 지원 [종합],"중대본?""법무부의?불법체류?단속도?일정기간?유예""  [파이낸셜뉴스] 정부가 비자 만료 등으로 인해 국내 체류 자격을 잃은 외국인 약 39만 명에 대해서도 신종 코로나바이러스 감염증(코로나19) 진단과 치료를 받을 수 있도록 지원한다.    김강립 중앙재난안전대책본부 1총괄조정관(보건복지부 차관)./뉴스1 김강립 중앙재난안전대책본부(중대본) 1총괄조정관은 1일 정부세종청사에서 열린 정례브리핑을 통해 ""코로나19를 안정적으로 관리하고 집단감염 발생 가능성을 조기 차단하기 위해서는 방역 사각지대에 대한 관리가 중요하다""며 이같이 밝혔다.   이에 따라 법무부에서는 불법체류 단속을 일정 기간 유예할 예정이다. 또 정부는 16개국 언어를 활용해 외국인 밀집 지역 등을 대상으로 코로나19 검사와 치료체계를 안내할 방침이다. 보건소 선별진료소에서도 비대면 통역 서비스를 지원하는 한편, 필요시에는 외국인 밀집 지역에 대한 이동형 검사도 이뤄진다.   정부는 노숙인 및 쪽방 주민에 대해서도 코로나19 진단 및 치료관리를 강화하기로 했다. 질병관리본부가 시행하는 국가 결핵 검진사업과 연계해 무자격 체류자, 노숙인, 쪽방 주민 등이 엑스레이상 소견을 보이는 경우 등 코로나19가 의심되면 검사를 받을 수 있도록 할 예정이다.  #코로나19 #방역사각지대해소   elikim@fnnews.com 김미희 기자   ▶ 헉! 소리나는 [헉스]?▶ '너 그거 아니?' [두유노우]▶ 지금 파이낸셜뉴스 채널 구독하고 경품 GET!  ※ 저작권자 ⓒ 파이낸셜뉴스. 무단 전재-재배포 금지",https://news.naver.com/main/read.nhn?mode=LSD&mid=sec&sid1=102&oid=014&aid=0004417639
14,2020.05.01.,뉴스1,"불법체류자, 코로나 무료 진단·치료…노숙자 임시시설 수용(상보)","코로나19 사각지대 의심증상자 진단검사·예방조치 강화김강립 보건복지부 1차관이 28일 오전 서울 세종대로 정부서울청사 내 중앙재난안전상황실 서울상황센터에서 열린 신종 코로나바이러스 감염증(코로나19) 대응 중앙재난대책본부회의에서 모두발언하고 있다. 2020.4.28/뉴스1 ? News1 김진환 기자(서울=뉴스1) 김태환 기자,음상준 기자,이영성 기자,이형진 기자 = 정부가 신종 코로나바이러스 감염증(코로나19) 방역 사각지대에 놓인 무자격 외국인(물법체류자), 노숙인, 쪽방촌 주민 등에 대한 방역 예방 조치를 강화한다.김강립 중앙재난안전대책본부 1총괄조정관은 5월 1일 정례브리핑에서 ""방역 사각지대인 무자격 체류자, 노숙인, 쪽방주민 등에 대해 포용적 방역대책이 필요한 시점""이라며 ""집단감염 발생 가능성을 조기에 차단하기 위해 사각지대 관리가 중요하다""고 말했다.중대본은 이날 오전 회의를 통해 체류 자격이 없는 무자격 외국인에 대해 강제출국 단속을 유예하고, 무료 진단·치료를 제공하기로 했다. 현재 법무부 추산 국내 무자격 외국인 수는 약 39만명이다.앞으로 보건소 선별진료소에서는 비대면 통역 서비스와 16개 해외 국가 언어로 된 코로나19 진료 치료 체계 안내문을 제공한다. 특히 무료 진단과 치료를 받을 수 있도록 한다. 또 무자격 외국인이 강제 출국을 우려해 코로나19 진단검사를 피하지 않도록 법무부의 단속을 일정기간 유예한다. 질병관리본부가 시행하고 있는 국가결핵검진사업과도 연계해 결핵 검진 시 코로나19 의심증상이 있는 경우 진단검사도 받도록 조치할 계획이다.각 지자체는 외국인 지원단체 등과 지역 내 무자격 외국인 집단 거주 지역 등의 위생을 점검하고, 외국인 지원 센터를 통해 코로나19 진단 치료에 대한 안내와 지원을 실시할 예정이다.노숙인과 쪽방촌 주민들은 지자체에서 마련한 임시보호시설에 입소한다. 입소 전 의심증상자를 대상으로 코로나19 검사를 실시할 계획이다. 지자체는 현장 보호활동을 통해 봄, 가을에 나오는 거리 노숙인을 관리하기로 했다.김강립 1총괄조정관은 ""정부는 방역 사각지대에 대한 폭넓고 촘촘한 관리를 통하여 코로나19 확산 위기가 다시 발생하지 않도록 관계부처와 지자체가 함께 노력하겠다""고 밝혔다.call@news1.kr▶ 네이버 메인에서 [뉴스1] 구독하기!▶  뉴스1 바로가기 ▶  코로나19 뉴스 ? 뉴스1코리아(news1.kr), 무단 전재 및 재배포 금지",https://news.naver.com/main/read.nhn?mode=LSD&mid=sec&sid1=102&oid=421&aid=0004616362
15,2020.05.01.,뉴스1,코로나에 4월 수출 휘청…99개월만에 무역적자(종합),"4월 수출 24.3% 급감…차·철강 죽쓰고 K방역·언택트 호조 성윤모 장관 ""미증유의 복합 위기…진정세 확산시 우리 수출 다시 반등""? News1 최수아 디자이너(세종=뉴스1) 김성은 기자 = 우리나라의 4월 수출이 전년에 비해 24% 이상 급감했다. 무역수지도 99개월 만에 적자로 전환했다. 신종 코로나바이러스 감염증(코로나19)이 전 세계를 강타하면서 해외 전 지역 수출이 감소했다.  다만, 코로나19에 대한 신속한 방역 대응 등에 힘입어 우리 제조업 가동과 내수 여건은 주요국에 비해 상대적으로 양호한 것으로 분석됐다. 산업통상자원부는 4월 수출액(통관 기준)이 369억2000만달러, 수입액이 378억7000만달러로 전년 같은 달 대비 각각 24.3%, 15.9% 감소했다고 1일 밝혔다. 수출 감소액이 수입 감소액을 앞지르며 무역 수지는 9억5000만달러의 적자를 기록했다. 지난 2012년 1월 23억1700만불의 적자를 낸 이후 99개월만이다.◇코로나19 충격…조업일부족·역기저효과·수출단가하락도 영향 코로나19가 창궐한 미국과 EU를 비롯해 아세안 등 주요 시장의 수출 여건이 악화됐고, 해외 전 지역의 수출이 감소했다. 코로나19의 여파 이외에 Δ전년 동기 대비 조업일 수 2일 부족 Δ연중 최고 수출을 기록한 전년 4월 대비 '역 기저효과' Δ전년비 수출단가 15% 하락 등도 수출감소 배경이다.  우리나라의 수출 증가율은 2018년 12월 ?1.7%를 시작으로 올 1월까지 14개월째 마이너스(-) 흐름을 이어오다가 2월에 3.8% 상승하면서 15개월 만에 플러스로 전환했다.  3월에 다시 0.7% 감소세로 돌아선데 이어 4월엔 24.3%의 급감세를 기록했다. 다만 3월의 경우엔 중국(-6.6%)과 일본(-11.7%)에 비해 상대적으로 양호했다는 평가를 받았다. 그러나 4월엔 코로나19가 주요 시장을 강타하면서 주요국 모두 수출이 급감한 것으로 관측되고 있다. ? News1 최수아 디자이너◇차·철강·석유화학 수출 급감…언택트·홈이코노미·K방역 수출 호조 우리나라의 수출 품목 중 자동차(전년비 -36.3%)와 차부품(-49.6%)은 공급 및 수요 동시 충격으로 수출이 급감했다. 철강(-24.1%)과 스마트폰(-43.6%) 등도 해외 수요 감소로 수출이 급감했고, 국제 유가 급락 여파로 석유제품(-56.8%), 석유화학(-33.6%) 등도 수출이 크게 줄었다. 반면 전체적인 수출급감에도 '언택트'(비대면) 산업과 홈코노미, K-방역 산업 관련 품목에서 수출 호조를 보였다. 한국산 진단키트 등 방역제품에 대한 전 세계 각국의 선호 현상으로 인해 바이오헬스 수출액은 전년보다 29.0% 증가했다. 견조한 서버수요를 보인 컴퓨터 수출 역시 99.3% 급증했다.수입은 코로나19로 인한 글로벌 교역량 감소에도 불구하고 자본재는 증가세를 보였다. 중간재와 소비재 수입은 감소했지만 전체 수입감소 대비 상대적으로 덜 감소했다. 이는 주요국에 비해 우리나라의 내수 여건이 상대적으로 양호함을 반증한다고 산업부는 설명했다.   산업부는 또한 4월 무역수지 적자가 일시적일 것으로 봤다. 산업부는 이날 배포한 자료에서 ""코로나19 상황에서 우리 제조업은 주요국에 비해 정상 가동했다""면서 ""수출보다 수입 감소율이 낮음에 따라 일시적 무역수지 적자를 기록했다""고 밝혔다.이어 ""과거 글로벌 금융위기 적자시기(2009년 1월)와 비교하면 소비재(민간소비)와 국내생산에 기여하는 자본재·중간재 수입은 지속적으로 유지되고 있다""고 덧붙였다.◇성윤모 장관 ""코로나19 진정되면 수출 다시 반등할 것"" 한편 산업부는 주요 전망기관을 전망을 인용해 코로나19에 따른 수출 부진이 우리나라뿐만 아니라 전 세계적 현상이라고 분석했다. 국제통화기금(IMF)은 지난 4월 올해 세계 교역 성장률을 당초 2.9%에서 -11.0%로 수정했고 세계무역기구(WTO)도 지난달 세계 교역 성장률 전망치를 2.9%에서 -13~-26%로 대폭 낮춰 잡았다.  산업부 성윤모 장관은 ""우리 수출은 2월, 14개월 만에 플러스로 전환하였고, 3월에도 주요국가와 대비하여 비교적 선방했다""며 ""코로나19라는 미증유의 복합 위기에 따른 글로벌 생산차질, 이동제한 및 국제유가 급락 등에 따라 우리 4월 수출이 큰 폭으로 감소했다""고 말했다. 성 장관은 ""특히 코로나19 상황에서도 우리나라는 성공적인 방역으로 안전한 생산·공급기지로 주목받고 있다""며 ""코로나19 글로벌 진정세가 확산되면 우리수출은 다시 반등 및 도약할 수 있을 것""이라고 했다.sekim@news1.kr▶ 네이버 메인에서 [뉴스1] 구독하기!▶  뉴스1 바로가기 ▶  코로나19 뉴스 ? 뉴스1코리아(news1.kr), 무단 전재 및 재배포 금지",https://news.naver.com/main/read.nhn?mode=LSD&mid=sec&sid1=101&oid=421&aid=0004616419
16,2020.05.01.,MBC,코로나19 충격 4월 수출 급감…무역수지 99개월 만에 적자,"코로나19 사태 영향으로 수출이 급감하면서 4월 무역수지가 99개월 만에 마이너스로 전환했습니다.산업통상자원부에 따르면 4월 수출은 지난해 같은 기간보다 24% 감소한 369억 2천만 달러를 기록했습니다.수입은 15.9% 하락한 378억 7천만 달러로 집계돼, 무역 수지는 9억5천만 달러 적자를 기록했습니다.2월과 3월에는 주로 대 중국 수출이 부진했지만 4월 들어서는 미국과 EU, 아세안 등 주요 시장 여건이 악화됨에 따라 전 지역 수출이 감소했습니다.다만 진단키트 등 한국산 방역제품 선호에 따라 바이오헬스 수출은 29% 늘었고 재택 근무 확산 영향으로 컴퓨터 수출도 99% 늘어나며 호조를 보였습니다.산업부 관계자는 ""코로나19에 따른 수출 부진은 전 세계적인 현상으로 4월 수출은 주요국 모두 어려울 전망"" 이라고 설명했습니다.강나림 기자 (allin@mbc.co.kr)[저작권자(c) MBC (https://imnews.imbc.com) 무단복제-재배포 금지]▶ 네이버 홈에서 [MBC뉴스] 채널 구독하기▶ 새로움을 탐험하다. ""엠빅뉴스""▶ [1시 일제사격] 그날의 취재수첩Copyright(c) Since 1996, MBC&iMBC All rights reserved.",https://news.naver.com/main/read.nhn?mode=LSD&mid=sec&sid1=101&oid=214&aid=0001034981
17,2020.05.01.,뉴시스,'코로나 충격' 4월 수출 24.3%↓…무역수지 99개월만에 적자(2보),"수입 15.9% 감소…무역수지 9.5억 달러 적자수출 감소율, 수입보다 커…일시적 현상 분석""국내 제조업 정상 가동…내수 여건 상대적 양호""[인천=뉴시스] 인천 신항 전경(사진=인천항만공사 제공). 2020.02.07.jc4321@newsis.com[서울=뉴시스] 이승재 기자 = 신종 코로나바이러스 감염증(코로나19) 확산 여파가 우리 수출에 본격적으로 영향을 미치기 시작했다.산업통상자원부는 올해 4월 수출이 369억2000만 달러로 전년 대비 24.3% 감소했다고 1일 밝혔다.같은 기간 일평균 수출은 16억7800만 달러로 17.4% 줄었다.수입은 15.9% 감소한 378억7000만 달러이며 무역수지는 9억5000만 달러 적자로 집계됐다.이로써 우리나라 무역수지는 2012년 1월 이후 99개월 만에 적자를 기록하게 됐다.산업부는 ""코로나19 상황에서 우리 제조업은 주요국에 비해 정상 가동하는 가운데 수출보다 수입 감소율이 낮음에 따라 일시적 무역수지 적자를 냈다""고 분석했다. 코로나19 본격화로 글로벌 수입 수요가 급감하면서 수출에 영향을 미쳤다는 분석도 나온다. 실제 2~3월에는 주로 대(對)중국 수출이 부진했지만 4월에는 미국·유럽연합(EU)·아세안 등 주요 시장 여건 악화에 따라 전 지역 수출이 동반 감소했다.조업일수도 지난해 같은 기간과 비교해 2일 부족했다. 또한 지난해 4월 연중 최고 수준의 수출 실적을 낸 데에 따른 역(逆)기조효과도 작용했다.수출 단가도 15%가량 하락하면서 악재로 작용했다. 그래도 조업일수 영향을 배제한 일평균 수출 물량이 2.9% 감소에 그쳤던 점은 긍정적이다. 실제 품목별 일평균 수출 물량을 보면 석유제품(6.7%), 바이오헬스(36.4%), 전기차(73.4%), 화장품(15.7%) 등이 호조를 보였다.과거 2009년 1월 글로벌 금융위기 무역수지 적자 시기와 비교할 경우 당시 소비재와 중간재 수입이 각각 32.6%, 28.2% 줄었던 것에 비해 지난달 소비재 수입은 9%, 13.9% 감소에 그쳤다. 지난달 자본재 수입은 오히려 1.3% 늘기도 했다.[평택=뉴시스] 김종택 기자 = 경기 평택항 수출선적부두에 완성차들이 대기하고 있다. 2020.04.21.semail3778@naver.com산업부는 이는 국내 제조업이 정상 가동했고 주요국 대비 내수 여건도 상대적으로 양호했다는 뜻이라고 진단했다.산업부 ""코로나19는 2008년 금융위기, 2003년 사스(SARS·중증급성호흡기증후군), 2009년 신종플루, 2015년 메르스(MERS·중동호흡기중후군), 2015년 저유가 위기를 모두 아우르는 미증유의 복합 위기""라고 설명했다.그러면서 ""코로나19에 따른 수출 부진은 전 세계적 현상""이라며 ""4월 수출은 주요국 모두 어려울 것으로 전망된다""고 전했다.☞공감언론 뉴시스 russa@newsis.com▶ 네이버에서 뉴시스TV 구독하기▶ K-Artprice, 유명 미술작품 가격 공개▶ 뉴시스 빅데이터 MSI 주가시세표 바로가기 <ⓒ 공감언론 뉴시스통신사. 무단전재-재배포 금지>",https://news.naver.com/main/read.nhn?mode=LSD&mid=sec&sid1=101&oid=003&aid=0009842523
18,2020.05.01.,뉴스1,코로나에 4월 수출 24.3% 급감…99개월만에 무역적자(상보),"코로나19 여파로 미국·EU·아세안 전 지역 수출 감소 산업부 ""무역적자 일시적…주요국에 비해 제조업 정상 가동""? News1 최수아 디자이너(세종=뉴스1) 김성은 기자 = 우리나라의 4월 수출이 전년에 비해 24% 이상 급감했다. 무역수지도 99개월만에 적자로 전환했다. 신종 코로나바이러스 감염증(코로나19)이 전 세계를 강타하면서 해외 전 지역 수출이 급감했다. 산업통상자원부는 4월 수출액(통관 기준)이 369억2000만달러, 수입액이 378억7000만달러로 전년 같은 달 대비 각각 24.3%, 15.9% 감소했다고 1일 밝혔다. 수출 감소액이 수입 감소액을 앞지르며 무역 수지는 9억5000만달러의 적자를 기록했다. 무역수지 적자는 지난 2012년 1월 23억1700만불의 적자를 기록한 이후 99개월만이다.코로나19가 창궐한 미국과 EU를 비롯해 아세안 등 주요 시장의 수출 여건이 악화됐고, 해외 전 지역의 수출이 감소했다. 코로나19여 여파 이외에 Δ전년 동기 대비 조업일 수 2일 부족 Δ연중 최고 수출을 기록한 전년 4월 대비 '역 기저효과' Δ전년비 수출단가 15% 하락 등도 수출감소 배경이다.  우리나라의 수출 증가율은 2018년 12월 ?1.7%를 시작으로 올 1월까지 14개월째 마이너스(-) 흐름을 이어오다가 2월에 3.8% 상승하면서 15개월 만에 플러스로 전환했다. 이후 3월에 다시 0.7% 감소세로 돌아선데 이어 4월엔 24.3%의 급감세를 기록했다. 다만 3월의 경우엔 중국(-6.6%)과 일본(-11.7%)에 비해 상대적으로 양호했다는 평가를 받았다. 그러나 4월엔 코로나19가 주요 시장을 강타하면서 주요국 모두 수출이 급감한 것으로 관측되고 있다.  전체적인 수출급감에도 한국산 진단키트 등 방역제품에 대한 전세계 각국의 선호 현상으로 인해 바이오헬스 수출액은 전년보다 29.0% 증가했다. 견조한 서버수요를 보인 컴퓨터 수출 역시 99.3% 급증했다. 산업부는 4월 무역수지가 적자가 일시적일 것으로 봤다. 산업부는 이날 배포한 자료에서 ""코로나19 상황에서 우리 제조업은 주요국에 비해 정상 가동했다""면서 ""수출보다 수입 감소율이 낮음에 따라 일시적 무역수지 적자를 기록했다""고 밝혔다. 이어 ""과거 글로벌 금융위기 적자시기(2009년 1월)와 비교하면 소비재(민간소비)와 국내생산에 기여하는 자본재?중간재 수입은 지속적으로 유지되고 있다""고 덧붙였다.sekim@news1.kr▶ 네이버 메인에서 [뉴스1] 구독하기!▶  뉴스1 바로가기 ▶  코로나19 뉴스 ? 뉴스1코리아(news1.kr), 무단 전재 및 재배포 금지",https://news.naver.com/main/read.nhn?mode=LSD&mid=sec&sid1=101&oid=421&aid=0004616125
19,2020.05.01.,연합뉴스,"[3보] 코로나로 4월 수출 24% 급감…""수출물량 선방·내수 양호""","하루평균 수출 17% 감소…99개월만에 무역흑자 행진 멈춰99개월만에 무역수지 적자 전환 (PG)[정연주 제작] 사진합성·일러스트    (서울=연합뉴스) 고은지 기자 = 신종 코로나바이러스 감염증(코로나19)의 충격으로 4월 수출이 급감했다.    산업통상자원부는 코로나19가 본격화함에 따라 글로벌 수요 위축, 조업일수 감소, 역기저효과 등의 요인으로 지난달 수출이 지난해 같은 달보다 24.3% 감소한 369억2천만달러에 그쳤다고 1일 밝혔다.    조업일수를 고려한 하루평균 수출은 17.4% 감소했다.     2∼3월에는 주로 대(對)중국 수출이 부진했다면 4월에는 미국, 유럽연합(EU), 동남아시아국가연합(ASEAN·아세안) 등 주요 시장이 모두 코로나19의 영향을 받아 전 지역 수출이 감소했다.    4월 수출 감소는 주로 수출단가의 하락((-15.0%)에서 기인했다. 수출물량은 11.0% 줄었고 조업일수를 고려하면 -2.9%로 비교적 선방했다.    한국산 방역제품에 대한 수요가 커지면서 바이오·헬스 수출은 29.0% 늘었고 재택근무 확산 등에 따라 컴퓨터 수출은 99.3% 급증했다.    산업부 관계자는 ""한국 수출은 2월에 14개월 연속 수출 부진의 고리를 끊었고 3월에는 코로나19 영향에도 비교적 선방했지만, 3월 중순 이후 발생한 미국 유럽 등 선진국의 강력한 록다운(봉쇄령)과 공장 셧다운(일시적 가동정지)으로 4월 수출이 영향을 받았다""고 설명했다.코로나19로 수출 직격탄 (CG)[연합뉴스TV 제공]    수입은 15.9% 하락한 378억7천만달러를 기록했다.    무역수지는 9억5천만달러 적자를 내면서 99개월 만에 흑자 행진을 멈췄다.    앞서 글로벌 금융위기 당시 나타난 무역적자와 비교하면 민간소비와 국내생산에 기여하는 자본재·중간재 수입이 계속 유지돼 내수 여건이 상대적으로 양호함을 보여줬다.    산업부는 ""코로나19 상황에서도 한국 제조업은 주요국에 비해 정상 가동하는 가운데 수출보다 수입 감소율이 낮아지면서 적자가 발생했다""면서 ""국내 제조업이 정상 가동 중이고 주요국 대비 내수 여건도 나쁘지 않아 '불황형' 적자와는 구조적으로 다른 일시적 현상""이라고 설명했다.    3월 기준 주요국 수출은 중국 -6.6%, 일본 -11.7%, 독일 -3.5%로 한국의 -0.7%보다 낙폭이 훨씬 컸다.[표] 4월 수출입 실적                (단위: 백만달러, %)※ 통관 기준 잠정치(자료: 관세청)▶코로나19 속보는 네이버 연합뉴스에서 [구독 클릭]▶[팩트체크] 연합뉴스가 확인한 '팩트' 이렇습니다▶제보하기",https://news.naver.com/main/read.nhn?mode=LSD&mid=sec&sid1=101&oid=001&aid=0011582757
20,2020.05.01.,YTN,코로나 충격에 수출 24% '급감'...반도체 15%↓ 자동차 36%↓,"동영상 뉴스     우리나라 4월 수출 369.2억 달러…1년 전보다 24.3% 감소코로나 여파 수요 급감·中 경기회복 지연·유가하락 영향4월 수입 15.9%↓ 378.7억 달러…무역수지 9.5억 달러 적자2012년 1월 이후 99개월 만에 무역수지 적자로 전환[앵커]코로나19 충격에 지난달 수출이 1년 전보다 24% 넘게 줄어들며 직격탄을 맞았습니다.반도체와 자동차, 석유제품 등 주요 품목 수출이 하락하며 무역수지는 2012년 1월 이후 99개월 만에 적자를 기록했습니다.취재기자 연결해 자세한 내용 알아보겠습니다. 이지은 기자!4월 수출 실적, 구체적인 내용은 어떻습니까?[기자]네, 우리나라의 4월 수출액이 369억 2천만 달러로 집계됐습니다.지난해보다 24.3% 감소한 수치입니다.코로나19가 확산하면서 미국과 유럽 등 해외 수요가 급감한 데다 중국의 경기회복 지연과 유가 급락 등이 더해지면서 큰 폭의 하락세를 보였습니다.수입은 15.9% 줄어든 378억 7천만 달러로 나타났습니다.이로써 우리나라 무역수지는 9억5천만 달러 적자를 기록하며 2012년 1월 이후 99개월 만에 적자로 돌아섰습니다.정부는 코로나19 상황에서도 국내 제조업이 정상 가동되는 가운데 중간재와 자본재를 계속 수입하면서 무역수지 적자가 불가피했다고 설명했습니다.하루 평균 수출은 16억7천8백만 달러로 1년 전보다 17% 넘게 줄었습니다.하지만 정부는 지난해보다 조업일이 이틀 적었던 점을 고려해 이 영향을 뺀 하루 평균 수출 물량을 살펴보면, -2.9%로 상대적으로 견조하다고 밝혔습니다.수출 감소분 중에 코로나19 영향은 70%에 달했고, 지난해 4월 수출이 연중 최고 수준이었던 점에서 역기저효과와 조업일수 감소 영향이 나머지 30%를 차지했습니다.[앵커]주요 품목들의 수출 현황은 어떻습니까?[기자]네, 대부분 품목의 수출이 감소했습니다.먼저 '수출 효자' 반도체의 경우 경기 둔화로 선 구매가 줄면서 수출이 15% 가까이 하락했습니다.또 해외 수요가 줄고 해외 딜러들이 영업을 중단하면서 자동차 수출도 36% 줄었습니다.국제 유가 하락 등의 여파로 석유제품 수출은 반 토막 아래로 급감했습니다.반면 코로나19 위기 속에 주목받는 비대면과 홈코노미, 그리고 방역 산업 관련 품목은 호조를 보였는데요.특히 재택근무와 온라인 교육 등으로 컴퓨터 수출이 99% 늘었고 화장지와 위생용품 등 생필품 수출도 증가했습니다.또 의료용 방진복과 소독제 등의 수출이 증가세를 보인 가운데 진단키트 수출이 3월보다 8배 급증한 것으로 집계됐습니다.지역별로는 지난 2월과 3월 주로 대중국 수출이 부진했던 것과 달리 4월에는 미국과 유럽 등 모든 지역 수출이 감소한 것으로 나타났습니다.정부는 코로나19에 따른 수출 부진은 세계적 현상이라면서 4월 수출은 주요 국가 모두 어려울 전망이라고 밝혔습니다.지금까지 경제부에서 YTN 이지은[jelee@ytn.co.kr]입니다.[저작권자(c) YTN & YTN PLUS 무단전재 및 재배포 금지] ▶ 이 시각 코로나19 확진자 현황을 확인하세요.  ▶ 대한민국 대표 뉴스 채널 YTN 생방송보기  ▶ 네이버에서 YTN 뉴스 채널 구독하기",https://news.naver.com/main/read.nhn?mode=LSD&mid=sec&sid1=101&oid=052&aid=0001434883
24,2020.05.01.,media KHAN,"트럼프 대통령, 코로나19 우한 연구소 유래 증거 ""봤다""","도널드 트럼프 미국 대통령이 30일(현지시간) 워싱턴 백악관 이스트룸에서 열린 코로나19로부터 노년층을 보호하기 위한 정부의 지원을 다짐하는 행사에서 연설을 하고 있다. 워싱턴|UPI연합뉴스도널드 트럼프 미국 대통령은 30일(현지시간) 코로나19 바이러스가 중국 후베이성 우한의 바이러스 연구소에서 유래했다는 증거를 봤다고 말했다. 트럼프 대통령은 이날 워싱턴 백악관에서 열린 노년층 건강 지원 확대 관련 행사에 참석해 이같이 말했다. 트럼프 대통령은 김정은 북한 국무위원장의 건강 이상설과 관련해 무슨 일이 진행되고 있는지 알지만 말할 수 없다고 밝혔다. 백악관 풀기자단에 따르면 트럼프 대통령은 ‘바이러스가 우한의 연구소에서 유래했다는 신빙성 높은 첩보를 본 적이 있느냐’는 취재진의 질문에 “그렇다”고 답했다. 트럼프 대통령은 이어 “세계보건기구(WHO)는 부끄러워 해야 한다고 생각한다. 왜냐하면 그들은 중국의 홍보대행사와 같기 때문이다”라고 지적했다.다만 트럼프 대통령은 이후 이어진 관련 질문에 “여러 이론들이 있다”면서 “우리는 그것이 어디에 있고, 어디서 왔는지를 볼 것”이라고 말했다. 트럼프 대통령은 ‘바이러스가 우한 연구소에서 왔다고 얼마나 확신하느냐’는 질문에 “나는 여러분에게 그걸 말하는 게 허용되지 않는다”고 말했다.트럼프 대통령이 최근 코로나19 확산에 대한 중국 책임론을 공개적으로 제기해오긴 했지만 미국 내에서 ‘음모론’으로 취급받아온 ‘우한 바이러스 연구소 유래설’을 확언한 것이어서 파장이 예상된다. 중국 측은 우한 바이러스 연구소에서 유래했다는 주장에 대해 과학적 근거가 없는 ‘새빨간 거짓말’이라며 강하게 반박하고 있다.우한 바이러스 연구소 유래설은 공화당 톰 코튼 상원의원은 지난 2월 처음 공개적으로 제기했다. 우한 바이러스 연구소에서 연구 중이던 바이러스가 유출되면서 우한 지역에서 퍼져나갔고 이후 전 세계로 확산됐다는 주장이었다. 애초 이 주장은 미국 내에서도 ‘음모론’ 취급을 받았지만 보수 진영을 중심으로 꾸준히 힘을 얻고 있다. 폭스뉴스는 지난 15일 익명의 소식통을 인용해 “미국 정부가 중국이 감염병 대응 능력을 강화하기 위해 실험을 하다가 코로나19가 생겨났다는 내용을 검토했다”고 보도했다. 트럼프 대통령은 같은날 기자회견에서 관련 질문을 받고 “우리는 지금 일어나고 있는 끔찍한 상황을 놓고 아주 철저한 조사를 실시하고 있다”고 말했다.실제로 미국 정부는 우한 바이러스 연구소 유래설에 대해 집중 조사를 벌이고 있다. 미국 정보기관을 총괄하는 국가정보국(DNI)은 이날 발표한 성명에서 코로나19 바이러스가 사람이 만든 것이 아니라는 데 동의한다고 밝혔지만, 이 바이러스가 우한 바이러스 연구소에서 유출된 것인지에 대해선 계속 조사하겠다고 밝혔다. DNI는 성명에서 “정보기관들은 바이러스가 사람이 만들거나 유전자적으로 변형된 것이 아니라는 광범위한 과학적 합의에 동의한다”면서 “정보기관들은 발병이 감염된 동물과 접촉을 통해 시작됐는지, 또는 우한에 있는 한 연구소 사고의 결과인지를 판단하기 위해 새로운 정보를 엄격하게 계속 조사할 것”이라고 말했다. 중국이 인위적으로 바이러스를 만들어서 퍼트렸다는 일각의 음모론을 부정하면서도 우한 바이러스 연구소 유래설에 대해선 여지를 열어둔 것이다. CNN은 DNI가 이같은 성명을 발표한 것은 매우 이례적이라고 지적했다.한편 트럼프 대통령은 김 위원장의 건강 이상설 관련 질문에 “나는 무슨 일이 일어나고 있는지 알고 있다”면서 “나는 그저 지금 당장은 김정은에 관해 이야기할 수 없다”고 말했다. 트럼프 대통령은 “나는 그저 모든 것이 괜찮기를 바란다”면서 “나는 정말이지 상황을 매우 잘 알고 있다”고 덧붙였다. 김 위원장의 상황에 대해 정확한 정보를 알고 있다고 강조하면서도 그 내용은 언급하지 않은 것이다.트럼프 대통령은 김 위워장의 건강 이상설이 확산된 이후 확정적인 답변을 피하면 모호한 답변으로 일관하고 있다. 트럼프 대통령은 28일 김 위원장의 건강 이상설 관련 질문에 “나는 그것에 관해 언급하고 싶지 않다”고 세 차례 반복하면서 “나는 그저 그가 잘 있기를 바란다”고 말했다. 그는 27일에는 “나는 정확하게 말할 수 없다”면서 “그렇다. 나는 아주 잘 알고 있지만, 지금 그것에 관해 말할 수 없다. 나는 그저 그의 안녕을 빈다”고 말했다.트럼프 대통령은 김 위원장이 최근 수술을 받고 위중한 상태라는 정보를 미국 정부가 면밀히 검토하고 있다는 CNN 보도가 나온 다음날인 21일 김 위원장의 건강 이상설에 관해 “우리는 모른다”면서 “그가 잘 있기를 바란다”고 말했다. 그는 23일에는 CNN의 김 위원장 건강 이상설 보도에 대해 “그들은 오래된 문서를 썼다고 듣고 있다”면서 “그 보도는 부정확한 보도라고 한다. 허위 보도라고 본다”고 말했다.워싱턴|김재중 특파원 hermes@kyunghyang.com▶ 장도리 | 그림마당 보기▶ 경향신문 바로가기▶ 경향신문 구독신청하기?경향신문(www.khan.co.kr), 무단전재 및 재배포 금지",https://news.naver.com/main/read.nhn?mode=LSD&mid=sec&sid1=104&oid=032&aid=0003006767
25,2020.05.01.,KBS,트럼프 “코로나19 중국 ‘우한 연구실 유래’ 증거 봤다”,"도널드 트럼프 미국 대통령이 코로나19가 중국의 우한 바이러스연구소에서 발원했다는 증거를 봤다고 말해 논란이 예상됩니다. 트럼프 대통령은 현지시각 30일 백악관에서 열린 행사 후 기자들과의 문답에서 이같이 주장했습니다. 그러면서도 우한 바이러스연구소 유래설에 대해 확신을 하는 이유에 대해서는 말할 수 없다고 했습니다. 트럼프 대통령은 중국은 바이러스를 멈출 수 없었거나 아니면 확산하도록 놔뒀다는 주장도 했습니다. 그는 코로나19에 대한 중국의 '허위 정보'와 관련해, 시진핑 국가주석에게 책임이 있다고 생각하는지 묻는 말에는 답변하지 않았습니다. 트럼프 대통령은 또 중국과의 무역 합의는 중국이 바이러스와 관련해서 한 것에 비하면 부차적인 사안이라고 말했습니다. 트럼프 대통령은 최근 들어 코로나19 확산에 대한 중국 책임론을 공개적으로 거론해왔습니다.[사진 출처 : 로이터=연합뉴스]▶ ‘ 코로나19 확산 우려’ 최신 기사 보기http://news.kbs.co.kr/news/list.do?icd=19588노윤정 기자 (watchdog@kbs.co.kr)▶ ‘코로나19 팩트체크’ 제대로 알아야 이긴다▶ 우리 동네 무슨 일이? KBS지역뉴스▶ 더 빠르고 정확한 소식을 원하시면 KBS뉴스 구독!",https://news.naver.com/main/read.nhn?mode=LSD&mid=sec&sid1=104&oid=056&aid=0010828219
26,2020.05.01.,뉴시스,99개월만에 멈춘 '무역흑자'…수출도 '코로나 충격' 본격화(종합),"4월 수출 369.2억달러로 24.3%↓…일평균 17.4%↓반도체 14.9%↓·석유제품 56.8%↓·자동차 36.3%↓주요 9개 지역 수출 모두 감소…對중국 17.9% 줄어[부산=뉴시스]하경민 기자 = 부산항에 정박 중인 컨테이너선에 선적·하역작업을 진행되고 있다. 2019.09.01. yulnetphoto@newsis.com[서울=뉴시스] 이승재 기자 = 신종 코로나바이러스 감염증(코로나19) 펜데믹(세계적 대유행) 여파가 우리 수출에도 본격적인 악영향을 미치기 시작했다.반도체, 석유제품, 자동차, 선박 등 주력 품목들이 모두 마이너스 실적을 기록했고, 주요 9개 지역으로의 수출도 모두 감소했다. 2012년 1월 이후 8년2개월 동안 이어지던 무역수지 흑자는 코로나19에 막혀 적자로 돌아섰다.  ◇코로나19에 주요국 수입 수요 급감산업통상자원부는 올해 4월 수출이 369억2000만 달러로 전년 대비 24.3% 감소했다고 1일 밝혔다. 같은 기간 일평균 수출은 16억7800만 달러로 17.4% 줄었다.수입은 15.9% 감소한 378억7000만 달러이며 무역수지는 9억5000만 달러 적자로 집계됐다. 이로써 우리나라 무역수지는 2012년 1월 이후 99개월 만에 적자를 기록하게 됐다.3월 중순 이후 전 세계적으로 강력한 이동제한 조치가 시행되면서 글로벌 수입 수요가 급감했다는 분석도 나온다.지난달 미국과 유럽연합(EU)로의 일평균 수출은 각각 21.3%, 6.8% 감소했다. 대(對)아세안 일평균 수출도 19.6% 줄었다.특히, 대유럽 일평균 수출액은 2억 달러로 지난 1월 기록한 최저치를 다시 경신했다. 자동차(-21.4%), 자동차 부품(-53.5%), 일반기계(-17.6%), 철강(-33.3%) 등이 부진했다.대아세안 일평균 수출액은 2억6000만 달러로 2016년 8월 이후 가장 적다. 현지 공장 가동 중단으로 자동차 부품(-44.0%), 일반기계(-24.0%) 등 자본재 수요가 위축된 것으로 파악된다. 대면 영업에 차질이 생기면서 무선통신기기(-28.3%), 가전(-46.6%) 등 소비재 수출도 줄었다.대중국 일평균 수출액은 전년 대비 -10.4% 줄어든 4억6000만 달러를 기록했다. 지난 2월 이 수치가 10년 만에 처음으로 4억 달러를 밑돈 것과 비교하면 하락세는 완화된 것으로 풀이된다.지난달 조업일수는 지난해 같은 기간과 비교해 2일 부족했다. 또한 지난해 4월 연중 최고 수준의 수출 실적을 낸 데에 따른 역(逆)기조효과도 작용했다.수출 단가도 15%가량 하락하면서 악재로 작용했다. 그래도 조업일수 영향을 배제한 일평균 수출 물량이 2.9% 감소에 그쳤던 점은 긍정적이다. 실제 품목별 일평균 수출 물량을 보면 석유제품(6.7%), 바이오헬스(36.4%), 전기차(73.4%), 화장품(15.7%) 등이 호조를 보였다.산업부는 코로나19에 따른 수출 부진은 우리나라 뿐 아니라 전 세계적인 현상이라고 진단했다.얼마 전 국제통화기금(IMF)은 올해 세계 교역 성장률을 2.9%에서 -11.0%로 하향 조정했다. 비슷한 시기에 세계무역기구(WTO)도 이 수치를 2.9%에서 -13~26%로 낮춰잡았다.성윤모 산업부 장관은 ""4월 무역수지 적자는 수입 감소보다 수출 감소 폭이 더 커서 나타난 현상""이라며 ""국내 제조업이 정상 가동되는 데 필요한 자본재·중간재 수입이 지속되고 있는 상황속에 발생한 것이라는 점에서 결코 부정적이지 않다""고 설명했다.산업부 자료를 보면 과거 2009년 1월 글로벌 금융위기 무역수지 적자 시기와 비교할 경우 당시 소비재와 중간재 수입이 각각 32.6%, 28.2% 줄었던 것에 비해 지난달 소비재 수입은 9%, 13.9% 감소에 그쳤다. 자본재 수입은 오히려 1.3% 늘기도 했다.성 장관은 ""코로나19 상황에서도 우리나라는 성공적인 방역으로 안전한 생산·공급기지로 주목받고 있다""며 ""코로나19 글로벌 진정세가 확산되면 우리 수출은 다시 반등할 수 있을 것""이라고 전했다.[서울=뉴시스]15일 인천공항 화물터미널에서 신종 코로나바이러스 감염증(코로나19) 진단키트를 미국에 수출하기 위해 관계자들이 화물을 적재하고 있다. (사진=외교부 제공)  2020.04.15. photo@newsis.com◇반도체·석유제품·자동차 등 주력 품목 직격타품목별로 보면 반도체 수출액은 71억8000만 달러로 14.9% 감소했다. 산업부는 D램 고정가격 상승에도 역기저효과와 글로벌 경기 둔화에 따른 선구매 축소 등이 영향을 미쳤다고 분석했다.석유화학과 석유제품 수출액은 각각 33.6%, 56.8% 감소한 25억8000만 달러, 16억8000만 달러로 집계됐다. 국제 유가가 급락하면서 단가 하락에 영향을 미친 것으로 풀이된다.자동차와 자동차 부품 수출액은 각각 36.3%, 33.6% 줄어든 23억9000만 달러, 10억2000만 달러이다. 미국·유럽 등 주요 시장의 락다운과 해외 딜러들의 영업 중단 등이 영향을 미쳤다.선박 수출액은 60.9% 감소한 10억7000만 달러를 기록했다. 주요 선주사의 업무 중단과 선원 고용 차질로 선박 인도가 연기되면서 악재로 작용했다.일반기계 수출액은 36억9000만 달러로 20.0% 감소했다. 디스플레이 수출액은 39.1% 줄어든 10억 달러를 기록했다.철강 수출액은 24.1 감소한 20억1000만 달러이다. 무선통신 수출액도 8억1000만 달러로 33.4% 줄었다.섬유와 가전 수출액은 각각 35.3%, 32.0% 줄어든 7억6000만 달러, 4억2000만 달러로 집계됐다.반대로 컴퓨터 수출액은 99.3% 큰 폭 뛴 10억5000만 달러이다. 코로나19 확산으로 재택근무가 활성화되고 온라인 교육에 대한 관심이 높아지면서 실적에 긍정적인 영향을 미친 것으로 보인다. 지역별로는 주요 9개 지역에서 모두 수출이 감소했다. 대중국 수출액은 102억1000만 달러로 17.9% 줄었고 미국도 13.5% 감소한 53억3000만 달러를 기록했다.아세안과 EU 수출액도 각각 56억7000만 달러, 43억4000만 달러로 각각 32.9%, 12.8% 줄었다.이외에 중동(-20.7%, 12억5000만 달러), 일본(-12.0% 20억 달러), 인도(-59.7%, 5억3000만 달러), CIS(-42.0%, 6억6000만 달러), 중남미(-54.2%, 14억 달러) 지역으로의 수출도 부진했다.[평택=뉴시스] 김종택 기자 = 경기 평택항 수출선적부두에 완성차들이 대기하고 있다. 2020.04.21.semail3778@naver.com☞공감언론 뉴시스 russa@newsis.com▶ 네이버에서 뉴시스TV 구독하기▶ K-Artprice, 유명 미술작품 가격 공개▶ 뉴시스 빅데이터 MSI 주가시세표 바로가기 <ⓒ 공감언론 뉴시스통신사. 무단전재-재배포 금지>",https://news.naver.com/main/read.nhn?mode=LSD&mid=sec&sid1=101&oid=003&aid=0009842631
31,2020.05.01.,연합뉴스,서울 집값 열달 만에 내렸다…코로나·대출 중단·보유세 여파,"한국감정원 4월 주택가격 조사…서울 아파트값도 10개월 만에 하락절세 급매물이 약세 주도…전셋값은 비수기로 안정세 (서울=연합뉴스) 서미숙 기자 = 서울 아파트를 포함한 주택 가격이 10개월 만에 하락 전환했다.     신종 코로나바이러스 감염증(코로나19) 확산으로 인한 경기 침체 우려가 커진 가운데 상반기까지 팔아야 하는 보유세·양도소득세 절세 매물로 실거래가격이 하락한 영향이다.    1일 한국감정원 조사에 따르면 지난달 서울 주택종합(아파트, 단독·다가구, 다세대·연립) 가격은 전월보다 0.02% 하락했다.    서울 주택가격이 떨어진 것은 지난해 6월(-0.04%) 이후 10개월 만에 처음이다.    코로나19와 보유세 부담 등으로 매수심리가 위축된 가운데 5월 또는 6월 말까지 팔아야 하는 절세 급매물이 증가하면서 집값 하락으로 이어지고 있다.    이번 조사 기간은 3월 10일부터 4월 13일까지여서 총선 이후의 분위기는 통계에 반영되지 않았다.서울 시내 모습 [연합뉴스 자료사진]    서울 강남권의 경우 대출 규제와 공시가격 상승에 따른 보유세 부담, 코로나 영향으로 약세를 보였다.    강남(-0.64%)·서초(-0.63%)·송파구(-0.36%)의 하락폭이 전월보다 확대됐고 강동구는 0.01% 내려 9개월 만에 하락 전환했다.    강남권의 약세로 강남 11개 구 평균 주택가격도 10개월 만에 떨어졌다.    서울 강북 14개 구는 마포(0.01%)·용산(0.03%)·성동구(0.02%)의 상승폭이 3월보다 축소됐고, 풍선효과가 나타났던 노원(0.29%)·도봉(0.15%)·강북구(0.16%)도 코로나 등의 영향으로 매수 문의가 감소하면서 상승폭이 줄었다.    특히 아파트값의 하락폭이 컸다.     유형별로 서울의 아파트값이 0.10% 떨어져 열달 만에 하락 전환했다.     강남권 재건축 단지의 경우 지난해 말 고점 대비 3억∼4억원 이상 하락한 급매물이 팔리면서 가격 하락을 이끌고 있다.    서울의 연립·다세대는 전월 대비 0.01%, 단독·다가구는 0.24% 올랐으나 상승폭은 3월보다 감소했다.    인천·경기도의 주택 가격은 교통 호재 지역의 강세로 각각 1.05%, 0.07% 상승했으나 오름폭은 전월보다 줄었다.4월 전국 및 서울 주택가격 변동률 [한국감정원 제공]    이런 영향으로 전국의 주택가격(0.27%)도 전월(0.54%)보다 상승폭이 둔화했다.    지방에서는 대전(0.89%)이 혁신도시·역세권 개발에 대한 기대감과 정비사업 진척 등으로 강세를 보였으나 대구(-0.12%)는 코로나 확산 여파 등으로 하락했다.     제주(-0.29%)·경북(-0.09%) 등도 지역 경기 부진과 입주 물량 누적 등으로 약세를 보였다.     지난달 전국의 주택 전셋값은 0.11% 올랐다. 계절적 비수기를 맞으면서 전월(0.19%)보다 상승폭이 줄어든 것이다.    서울의 전셋값은 0.12%에서 0.07%로 경기도는 0.32%에서 0.15%로 각각 오름폭이 축소된 반면, 인천의 전셋값은 0.49%에서 0.64%로 상승폭이 커졌다.    전세 시장이 대체로 안정되면서 전국의 월세도 0.01% 올라 전월(0.03%)보다 오름폭이 감소했다.    서울의 월세는 3월 0.03%에서 4월 0.02%로 축소됐고, 지방은 0.01% 하락했다.    sms@yna.co.kr▶코로나19 속보는 네이버 연합뉴스에서 [구독 클릭]▶[팩트체크] 연합뉴스가 확인한 '팩트' 이렇습니다▶제보하기",https://news.naver.com/main/read.nhn?mode=LSD&mid=sec&sid1=101&oid=001&aid=0011582966
33,2020.05.01.,뉴시스,"서울 집값, 10개월 만에 하락…코로나19·보유세 부담 여파","감정원 '4월 전국주택가격동향 조사 결과'서울 주택시장 상승 축소…아파트값 0.10%↓세종·대전 고공행진…전셋값도 소폭 오름세[서울=뉴시스] (그래픽= 감정원 제공)[서울=뉴시스] 이인준 기자 = 서울 아파트값이 신종 코로나바이러스 감염증(코로나19) 확산에 따른 경기 불확실성 확대와 보유세 부담 등으로 10개월 만에 하락 전환했다. 1일 한국감정원 '2020년 4월 전국주택가격동향조사 결과'에 따르면, 지난달 13일 기준 서울 주택종합(아파트·단독·다가구·다세대·연립) 매매가격은 전월(2월10일 기준)보다 0.02% 하락했다. 서울 집값이 하락한 것은 지난해 6월(-0.04%) 이후 10개월 만이다. 이번 통계 발표는 최근 여당의 압승으로 끝난 4·15 총선에 따른 정부 규제 기조 강화 등 하방압력은 반영되지 않았다. 자치구별로는 강남구(-0.64%), 서초구(-0.63%), 송파구(-0.36%) 등 강남3구 지역을 중심으로 낙폭이 크다. 강동구(-0.01%)도 9개월 만에 하락 전환했다. 마포구(0.01%), 용산구(0.03%), 성동구(0.02%) 등 강북 지역 고가 단지 밀집지역인 이른바 마·용·성도 상승세가 꺾였다.교통개발 호재 등의 영향으로 중저가 아파트 단지를 중심으로 상승세를 나타내던 노원구(0.29%), 도봉구(0.15%), 강북구(0.16%) 등도 매수문의가 감소하며 상승폭이 줄고 있다.구로구(0.23%), 관악구(0.18%), 금천구(0.17%) 등은 역세권과 중저가 단지 위주로 상승세를 이어갔다. 하지만 서울 전반으로 상승폭이 축소되는 모습이다.유형별로는 아파트가 0.10% 내려 낙폭이 가장 컸다. 다만 연립주택(0.01%), 단독주택(0.24%)은 상승세를 나타냈다.경기(0.75%)와 인천(1.05%)의 경우 전월(1.31%와 1.61%) 대비 상승폭이 축소됐으나 상승세가 지속되고 있다. 전국 주택종합 매매가격은 0.27% 올라, 전월(0.54%) 대비 절반 수준으로 상승폭이 줄었다. 수도권을 제외하면 세종이 1.50% 올라 가장 상승폭이 컸고, 대전(0.89%), 울산(0.15%), 광주(0.03%)가 올랐다. 코로나19가 덮친 대구는 0.12% 떨어지며 전월(0.06%) 대비 하락 전환했다. 전세가격은 0.11% 상승했다. 서울은 0.07% 올라 전월(0.12%) 대비 상승 폭이 축소됐다. 경기도 역시 0.15% 올라 전월(0.32%)보다 상승세가 둔화되는 모습이다. 서울과 경기는 직주근접 수요 꾸준하거나 정비사업 이주수요 있는 지역 위주로 매물부족 현상 지속되며 상승 중이다. 인천은 0.64% 올랐다.지방은 세종(1.14%)이 큰 폭의 오름세를 지속하는 가운데 울산(0.36%)도 상승했다. 제주(-0.21%)·부산(-0.07%)·경북(-0.04%)은 코로나19 확산, 부동산경기 침체, 매수심리 및 거래 위축 등으로 하락 중이다.월셋값은 0.01% 상승했다. 서울(0.02%), 경기(0.02%), 인천(0.10%) 모두 올랐다. 지방은 세종(0.38%), 울산(0.17%), 대전(0.03%), 전남(0.01%)이 상승했고 부산(-0.05%)과 제주(-0.13%), 충남(-0.03%)은 하락했다.☞공감언론 뉴시스 ijoinon@newsis.com▶ 네이버에서 뉴시스TV 구독하기▶ K-Artprice, 유명 미술작품 가격 공개▶ 뉴시스 빅데이터 MSI 주가시세표 바로가기 <ⓒ 공감언론 뉴시스통신사. 무단전재-재배포 금지>",https://news.naver.com/main/read.nhn?mode=LSD&mid=sec&sid1=101&oid=003&aid=0009842901
34,2020.05.01.,media KHAN,"트럼프 대통령, 코로나19 우한 연구소 유래 증거 ""봤다""","도널드 트럼프 미국 대통령이 30일(현지시간) 워싱턴 백악관 이스트룸에서 열린 코로나19로부터 노년층을 보호하기 위한 정부의 지원을 다짐하는 행사에서 연설을 하고 있다. 워싱턴|UPI연합뉴스도널드 트럼프 미국 대통령은 30일(현지시간) 코로나19 바이러스가 중국 후베이성 우한의 바이러스 연구소에서 유래했다는 증거를 봤다고 말했다. 트럼프 대통령은 이날 워싱턴 백악관에서 열린 노년층 건강 지원 확대 관련 행사에 참석해 이같이 말했다. 트럼프 대통령은 김정은 북한 국무위원장의 건강 이상설과 관련해 무슨 일이 진행되고 있는지 알지만 말할 수 없다고 밝혔다. 백악관 풀기자단에 따르면 트럼프 대통령은 ‘바이러스가 우한의 연구소에서 유래했다는 신빙성 높은 첩보를 본 적이 있느냐’는 취재진의 질문에 “그렇다”고 답했다. 트럼프 대통령은 이어 “세계보건기구(WHO)는 부끄러워 해야 한다고 생각한다. 왜냐하면 그들은 중국의 홍보대행사와 같기 때문이다”라고 지적했다.다만 트럼프 대통령은 이후 이어진 관련 질문에 “여러 이론들이 있다”면서 “우리는 그것이 어디에 있고, 어디서 왔는지를 볼 것”이라고 말했다. 트럼프 대통령은 ‘바이러스가 우한 연구소에서 왔다고 얼마나 확신하느냐’는 질문에 “나는 여러분에게 그걸 말하는 게 허용되지 않는다”고 말했다.트럼프 대통령이 최근 코로나19 확산에 대한 중국 책임론을 공개적으로 제기해오긴 했지만 미국 내에서 ‘음모론’으로 취급받아온 ‘우한 바이러스 연구소 유래설’을 확언한 것이어서 파장이 예상된다. 중국 측은 우한 바이러스 연구소에서 유래했다는 주장에 대해 과학적 근거가 없는 ‘새빨간 거짓말’이라며 강하게 반박하고 있다.우한 바이러스 연구소 유래설은 공화당 톰 코튼 상원의원은 지난 2월 처음 공개적으로 제기했다. 우한 바이러스 연구소에서 연구 중이던 바이러스가 유출되면서 우한 지역에서 퍼져나갔고 이후 전 세계로 확산됐다는 주장이었다. 애초 이 주장은 미국 내에서도 ‘음모론’ 취급을 받았지만 보수 진영을 중심으로 꾸준히 힘을 얻고 있다. 폭스뉴스는 지난 15일 익명의 소식통을 인용해 “미국 정부가 중국이 감염병 대응 능력을 강화하기 위해 실험을 하다가 코로나19가 생겨났다는 내용을 검토했다”고 보도했다. 트럼프 대통령은 같은날 기자회견에서 관련 질문을 받고 “우리는 지금 일어나고 있는 끔찍한 상황을 놓고 아주 철저한 조사를 실시하고 있다”고 말했다.실제로 미국 정부는 우한 바이러스 연구소 유래설에 대해 집중 조사를 벌이고 있다. 미국 정보기관을 총괄하는 국가정보국(DNI)은 이날 발표한 성명에서 코로나19 바이러스가 사람이 만든 것이 아니라는 데 동의한다고 밝혔지만, 이 바이러스가 우한 바이러스 연구소에서 유출된 것인지에 대해선 계속 조사하겠다고 밝혔다. DNI는 성명에서 “정보기관들은 바이러스가 사람이 만들거나 유전자적으로 변형된 것이 아니라는 광범위한 과학적 합의에 동의한다”면서 “정보기관들은 발병이 감염된 동물과 접촉을 통해 시작됐는지, 또는 우한에 있는 한 연구소 사고의 결과인지를 판단하기 위해 새로운 정보를 엄격하게 계속 조사할 것”이라고 말했다. 중국이 인위적으로 바이러스를 만들어서 퍼트렸다는 일각의 음모론을 부정하면서도 우한 바이러스 연구소 유래설에 대해선 여지를 열어둔 것이다. CNN은 DNI가 이같은 성명을 발표한 것은 매우 이례적이라고 지적했다.한편 트럼프 대통령은 김 위원장의 건강 이상설 관련 질문에 “나는 무슨 일이 일어나고 있는지 알고 있다”면서 “나는 그저 지금 당장은 김정은에 관해 이야기할 수 없다”고 말했다. 트럼프 대통령은 “나는 그저 모든 것이 괜찮기를 바란다”면서 “나는 정말이지 상황을 매우 잘 알고 있다”고 덧붙였다. 김 위원장의 상황에 대해 정확한 정보를 알고 있다고 강조하면서도 그 내용은 언급하지 않은 것이다.트럼프 대통령은 김 위워장의 건강 이상설이 확산된 이후 확정적인 답변을 피하면 모호한 답변으로 일관하고 있다. 트럼프 대통령은 28일 김 위원장의 건강 이상설 관련 질문에 “나는 그것에 관해 언급하고 싶지 않다”고 세 차례 반복하면서 “나는 그저 그가 잘 있기를 바란다”고 말했다. 그는 27일에는 “나는 정확하게 말할 수 없다”면서 “그렇다. 나는 아주 잘 알고 있지만, 지금 그것에 관해 말할 수 없다. 나는 그저 그의 안녕을 빈다”고 말했다.트럼프 대통령은 김 위원장이 최근 수술을 받고 위중한 상태라는 정보를 미국 정부가 면밀히 검토하고 있다는 CNN 보도가 나온 다음날인 21일 김 위원장의 건강 이상설에 관해 “우리는 모른다”면서 “그가 잘 있기를 바란다”고 말했다. 그는 23일에는 CNN의 김 위원장 건강 이상설 보도에 대해 “그들은 오래된 문서를 썼다고 듣고 있다”면서 “그 보도는 부정확한 보도라고 한다. 허위 보도라고 본다”고 말했다.워싱턴|김재중 특파원 hermes@kyunghyang.com▶ 장도리 | 그림마당 보기▶ 경향신문 바로가기▶ 경향신문 구독신청하기?경향신문(www.khan.co.kr), 무단전재 및 재배포 금지",https://news.naver.com/main/read.nhn?mode=LSD&mid=sec&sid1=104&oid=032&aid=0003006767
37,2020.05.01.,KBS,트럼프 “코로나19 중국 ‘우한 연구실 유래’ 증거 봤다”,"도널드 트럼프 미국 대통령이 코로나19가 중국의 우한 바이러스연구소에서 발원했다는 증거를 봤다고 말해 논란이 예상됩니다. 트럼프 대통령은 현지시각 30일 백악관에서 열린 행사 후 기자들과의 문답에서 이같이 주장했습니다. 그러면서도 우한 바이러스연구소 유래설에 대해 확신을 하는 이유에 대해서는 말할 수 없다고 했습니다. 트럼프 대통령은 중국은 바이러스를 멈출 수 없었거나 아니면 확산하도록 놔뒀다는 주장도 했습니다. 그는 코로나19에 대한 중국의 '허위 정보'와 관련해, 시진핑 국가주석에게 책임이 있다고 생각하는지 묻는 말에는 답변하지 않았습니다. 트럼프 대통령은 또 중국과의 무역 합의는 중국이 바이러스와 관련해서 한 것에 비하면 부차적인 사안이라고 말했습니다. 트럼프 대통령은 최근 들어 코로나19 확산에 대한 중국 책임론을 공개적으로 거론해왔습니다.[사진 출처 : 로이터=연합뉴스]▶ ‘ 코로나19 확산 우려’ 최신 기사 보기http://news.kbs.co.kr/news/list.do?icd=19588노윤정 기자 (watchdog@kbs.co.kr)▶ ‘코로나19 팩트체크’ 제대로 알아야 이긴다▶ 우리 동네 무슨 일이? KBS지역뉴스▶ 더 빠르고 정확한 소식을 원하시면 KBS뉴스 구독!",https://news.naver.com/main/read.nhn?mode=LSD&mid=sec&sid1=104&oid=056&aid=0010828219
38,2020.05.01.,연합뉴스,"[3보] 코로나로 4월 수출 24% 급감…""수출물량 선방·내수 양호""","하루평균 수출 17% 감소…99개월만에 무역흑자 행진 멈춰99개월만에 무역수지 적자 전환 (PG)[정연주 제작] 사진합성·일러스트    (서울=연합뉴스) 고은지 기자 = 신종 코로나바이러스 감염증(코로나19)의 충격으로 4월 수출이 급감했다.    산업통상자원부는 코로나19가 본격화함에 따라 글로벌 수요 위축, 조업일수 감소, 역기저효과 등의 요인으로 지난달 수출이 지난해 같은 달보다 24.3% 감소한 369억2천만달러에 그쳤다고 1일 밝혔다.    조업일수를 고려한 하루평균 수출은 17.4% 감소했다.     2∼3월에는 주로 대(對)중국 수출이 부진했다면 4월에는 미국, 유럽연합(EU), 동남아시아국가연합(ASEAN·아세안) 등 주요 시장이 모두 코로나19의 영향을 받아 전 지역 수출이 감소했다.    4월 수출 감소는 주로 수출단가의 하락((-15.0%)에서 기인했다. 수출물량은 11.0% 줄었고 조업일수를 고려하면 -2.9%로 비교적 선방했다.    한국산 방역제품에 대한 수요가 커지면서 바이오·헬스 수출은 29.0% 늘었고 재택근무 확산 등에 따라 컴퓨터 수출은 99.3% 급증했다.    산업부 관계자는 ""한국 수출은 2월에 14개월 연속 수출 부진의 고리를 끊었고 3월에는 코로나19 영향에도 비교적 선방했지만, 3월 중순 이후 발생한 미국 유럽 등 선진국의 강력한 록다운(봉쇄령)과 공장 셧다운(일시적 가동정지)으로 4월 수출이 영향을 받았다""고 설명했다.코로나19로 수출 직격탄 (CG)[연합뉴스TV 제공]    수입은 15.9% 하락한 378억7천만달러를 기록했다.    무역수지는 9억5천만달러 적자를 내면서 99개월 만에 흑자 행진을 멈췄다.    앞서 글로벌 금융위기 당시 나타난 무역적자와 비교하면 민간소비와 국내생산에 기여하는 자본재·중간재 수입이 계속 유지돼 내수 여건이 상대적으로 양호함을 보여줬다.    산업부는 ""코로나19 상황에서도 한국 제조업은 주요국에 비해 정상 가동하는 가운데 수출보다 수입 감소율이 낮아지면서 적자가 발생했다""면서 ""국내 제조업이 정상 가동 중이고 주요국 대비 내수 여건도 나쁘지 않아 '불황형' 적자와는 구조적으로 다른 일시적 현상""이라고 설명했다.    3월 기준 주요국 수출은 중국 -6.6%, 일본 -11.7%, 독일 -3.5%로 한국의 -0.7%보다 낙폭이 훨씬 컸다.[표] 4월 수출입 실적                (단위: 백만달러, %)※ 통관 기준 잠정치(자료: 관세청)▶코로나19 속보는 네이버 연합뉴스에서 [구독 클릭]▶[팩트체크] 연합뉴스가 확인한 '팩트' 이렇습니다▶제보하기",https://news.naver.com/main/read.nhn?mode=LSD&mid=sec&sid1=101&oid=001&aid=0011582757
39,2020.05.01.,서울신문,[코로나19 수출 쇼크] ‘충격의 4월’ 수출 급락…무역수지 99개월만 적자 전환,"[서울신문]올해 4월 수출이 24.3% 감소율을 기록했고, 무역수지는 99개월 만에 적자로 전환됐다. 코로나19로 인한 글로벌 수출 대란이 본격화되고 있다.1일 산업통상자원부에 따르면 지난달 수출은 369억 2000만 달러로, 전년 동기 대비 -24.3%를 기록했다. 올해 수출 증감률은 1월 -6.6%, 2월 3.8%, 3월 -0.7%를 기록했다. 수출 감소율이 두자릿수를 기록한 것은 지난해 11월 이후 처음이다. 다만 조업일수 영향을 고려한 일평균 수출은 -17.4%로 나타났다.4월 수출입 실적 - 산업통상자원부, 관세청 제공.코로나19가 4월부터 전 세계적으로 확산하면서 수출 실적 악화는 예고됐다. 실제로 2~3월엔 중국 수출이 부진을 보였지만, 4월엔 미국, 유럽연합(EU), 아세안 등 주요 시장이 잇따라 악화됨에 따라 전 지역에서 수출 감소를 보였다. 산업부는 “글로벌 수입 수요 급감, 조업일 부족, 역기저효과 등으로 감소했다”고 설명했다. 특히 코로나19는 금융위기, 바이러스 위기, 저유가 위기를 모두 아우르는 3중 충격으로 작용했다는 설명도 덧붙였다.무역수지는 9억 46000만 달러 적자를 보였다. 다만 정부는 제조업이 정상 가동하면서 수출보다 수입 감소율이 낮아 일시적으로 적자를 보엿다는 설명이다. 지난달 수입은 15.9% 하락한 378억 7000만 달러를 기록했다. 2009년 글로벌 금융위기 당시와는 달리 소비재(민간소비)와 국내생산에 기여하는 자본재·중간재 수입은 지속 유지 중에 있다. 산업부는 “코로나19 방역 모범국으로 인정받는 가운데 국내 제조업은 정상 가동중이고, 주요국과 비교해 내수 여건도 상대적으로 양호함을 반증하는 결과”라고 설명했다.그럼에도 긍정적인 신호는 있었다. 전 세계적으로 진단키트 등 한국산 방역제품을 선호하면서 바이오헬스 분야 수출은 29.0%로 호조세를 띄었고, 서버수요도 늘어나면서 컴퓨터 수출은 99.3% 급증했다. 일평균 수출물량 기준으론 석유제품(6.7%), 바이오헬스(36.4%), 전기차(73.4%), 화장품(15.7%)도 증가세를 보였다.세종 나상현 기자 greentea@seoul.co.kr▶ 네이버에서 서울신문 구독하기 클릭! ▶ 세상에 이런 일이 ▶ [연예계 뒷얘기] 클릭!ⓒ 서울신문(www.seoul.co.kr), 무단전재 및 재배포금지",https://news.naver.com/main/read.nhn?mode=LSD&mid=sec&sid1=101&oid=081&aid=0003087152
40,2020.05.01.,YTN,코로나 충격에 수출 24% '급감'...반도체 15%↓ 자동차 36%↓,"동영상 뉴스     우리나라 4월 수출 369.2억 달러…1년 전보다 24.3% 감소코로나 여파 수요 급감·中 경기회복 지연·유가하락 영향4월 수입 15.9%↓ 378.7억 달러…무역수지 9.5억 달러 적자2012년 1월 이후 99개월 만에 무역수지 적자로 전환[앵커]코로나19 충격에 지난달 수출이 1년 전보다 24% 넘게 줄어들며 직격탄을 맞았습니다.반도체와 자동차, 석유제품 등 주요 품목 수출이 하락하며 무역수지는 2012년 1월 이후 99개월 만에 적자를 기록했습니다.취재기자 연결해 자세한 내용 알아보겠습니다. 이지은 기자!4월 수출 실적, 구체적인 내용은 어떻습니까?[기자]네, 우리나라의 4월 수출액이 369억 2천만 달러로 집계됐습니다.지난해보다 24.3% 감소한 수치입니다.코로나19가 확산하면서 미국과 유럽 등 해외 수요가 급감한 데다 중국의 경기회복 지연과 유가 급락 등이 더해지면서 큰 폭의 하락세를 보였습니다.수입은 15.9% 줄어든 378억 7천만 달러로 나타났습니다.이로써 우리나라 무역수지는 9억5천만 달러 적자를 기록하며 2012년 1월 이후 99개월 만에 적자로 돌아섰습니다.정부는 코로나19 상황에서도 국내 제조업이 정상 가동되는 가운데 중간재와 자본재를 계속 수입하면서 무역수지 적자가 불가피했다고 설명했습니다.하루 평균 수출은 16억7천8백만 달러로 1년 전보다 17% 넘게 줄었습니다.하지만 정부는 지난해보다 조업일이 이틀 적었던 점을 고려해 이 영향을 뺀 하루 평균 수출 물량을 살펴보면, -2.9%로 상대적으로 견조하다고 밝혔습니다.수출 감소분 중에 코로나19 영향은 70%에 달했고, 지난해 4월 수출이 연중 최고 수준이었던 점에서 역기저효과와 조업일수 감소 영향이 나머지 30%를 차지했습니다.[앵커]주요 품목들의 수출 현황은 어떻습니까?[기자]네, 대부분 품목의 수출이 감소했습니다.먼저 '수출 효자' 반도체의 경우 경기 둔화로 선 구매가 줄면서 수출이 15% 가까이 하락했습니다.또 해외 수요가 줄고 해외 딜러들이 영업을 중단하면서 자동차 수출도 36% 줄었습니다.국제 유가 하락 등의 여파로 석유제품 수출은 반 토막 아래로 급감했습니다.반면 코로나19 위기 속에 주목받는 비대면과 홈코노미, 그리고 방역 산업 관련 품목은 호조를 보였는데요.특히 재택근무와 온라인 교육 등으로 컴퓨터 수출이 99% 늘었고 화장지와 위생용품 등 생필품 수출도 증가했습니다.또 의료용 방진복과 소독제 등의 수출이 증가세를 보인 가운데 진단키트 수출이 3월보다 8배 급증한 것으로 집계됐습니다.지역별로는 지난 2월과 3월 주로 대중국 수출이 부진했던 것과 달리 4월에는 미국과 유럽 등 모든 지역 수출이 감소한 것으로 나타났습니다.정부는 코로나19에 따른 수출 부진은 세계적 현상이라면서 4월 수출은 주요 국가 모두 어려울 전망이라고 밝혔습니다.지금까지 경제부에서 YTN 이지은[jelee@ytn.co.kr]입니다.[저작권자(c) YTN & YTN PLUS 무단전재 및 재배포 금지] ▶ 이 시각 코로나19 확진자 현황을 확인하세요.  ▶ 대한민국 대표 뉴스 채널 YTN 생방송보기  ▶ 네이버에서 YTN 뉴스 채널 구독하기",https://news.naver.com/main/read.nhn?mode=LSD&mid=sec&sid1=101&oid=052&aid=0001434883
42,2020.05.01.,KBS,"유엔총장, 코로나19·기후변화 거론 “한국, 따라야할 본보기”","안토니우 구테흐스 유엔 사무총장은 현지시각 30일 코로나19와 기후변화와 관련한 한국의 대응을 거론하면서 ""주목할 만한 본보기(remarkable example)""라고 평가했습니다. 구테흐스 사무총장의 이 같은 언급은 화상 기자회견에서 기후변화와 관련해 답변하다가 나왔습니다. 구테흐스 사무총장은 ""주목할만한 본보기로, 코로나19와 기후변화에 대한 싸움을 어떻게 조합할 수 있는지를 보여주는 한 가지 예를 제시하고자 한다""면서 ""그것은 한국""이라고 말했습니다. 이어 해외 유입 사례 4명을 제외하고, 국내 발생 코로나19 감염자가 '0명'을 기록한 한국의 30일 상황을 전하면서 ""한국은 코로나19 대응에서 굉장히 성공적이었다""고 평가했습니다. 이와 함께 한국은 석탄화력발전소 감축과 (탄소)배출 감축 등 '그린 딜'(Green Deal) 계획을 제출했다면서 ""매우 야심 찬 그린 딜""이라고 강조했습니다. 구테흐스 사무총장은 ""이는 어디에서나 따라야 할 본보기""라면서 ""전 세계 많은 다른 나라들이 한국의 사례를 따르기를 희망한다""고 말했습니다. 구테흐스 사무총장은 북한 김정은 국무위원장의 건강 이상설에 대한 질문에는 ""김 위원장의 상황에 대해서는 아무런 정보가 없다""고 언급했습니다. [사진 출처 : 연합뉴스]노윤정 기자 (watchdog@kbs.co.kr)▶ ‘코로나19 팩트체크’ 제대로 알아야 이긴다▶ 우리 동네 무슨 일이? KBS지역뉴스▶ 더 빠르고 정확한 소식을 원하시면 KBS뉴스 구독!",https://news.naver.com/main/read.nhn?mode=LSD&mid=sec&sid1=104&oid=056&aid=0010828218
46,2020.04.30.,연합뉴스,"코로나19 집단면역 조사한다…당국 ""국민영양조사 통해 확인""(종합)","환자 많았던 대구·경북 지역에선 별도 조사 검토(서울=연합뉴스) 신선미 기자 = 방역당국이 신종 코로나바이러스 감염증(코로나19)의 국내 전파 규모를 확인하기 위한 '인구면역도' 조사를 국민영양조사를 통해 진행하기로 했다. 코로나19 환자가 많이 발생한 대구·경북에서는 면역도 검사가 별도 시행될 것으로 보인다.브리핑하는 권준욱 부본부장[연합뉴스 자료 사진]    권준욱 중앙방역대책본부 부본부장은 30일 충북 오송 질병관리본부에서 열린 정례 브리핑에서 ""효과적인 방역 대책을 수립하기 위한 목적으로 코로나19 지역사회 감염 동향과 집단면역을 확인할 계획""이라고 밝혔다.    인구면역도 조사는 감염증에 걸린 뒤 면역이 생긴 인구가 얼마나 되는지를 파악하기 위해 수행한다. 코로나19의 경우 인구의 60% 이상이 감염증에 걸리면 '집단면역'이 형성된다고 알려졌다. 면역도 조사 결과는 전체 감염자 중 사망자의 비율을 파악하는 데 활용할 수도 있다.    인구면역도는 국민 중 얼마나 많은 사람에게 바이러스를 무력화하는 항체가 형성됐는지 여부로 평가한다.    권 부본부장은 ""전체 국민을 대표할 수 있는 표본을 선정하는 방법의 하나로, 국민건강영양조사에서 확보되는 혈액을 활용하겠다""는 구체적인 방안도 제시했다.    방역 당국에 따르면 국민건강영양조사가 진행 중이고, 조사에서 혈액샘플 수집도 시작된 상황이다.     국민건강영양조사 대상자는 약 1만 명이다. 조사 대상자의 동의를 받아야 확보한 혈액을 검사에 이용할 수 있는데, 이 중 70% 정도가 참여할 수 있을 것으로 보인다는 게 권 부본부장의 설명이다.    국내에서는 신천지대구교회와 관련해 대구·경북 지역에서 많은 코로나19 확진자가 발생한 만큼, 방역당국은 이 감염병 특별관리지역에서 우선 항체검사를 시행할 방침이다.    권 부본부장은 ""전문가들과 논의해, 시약을 선정하고 신속하게 진행하도록 하겠다""고 밝혔다.    그는 또 ""항체 검사 중에는 신속 진단키트보다는 연구실에서 이용하는 ELISA(효소 면역 검지법)를 고려하고 있다""고 덧붙였다.     방역당국이 추진하려는 인구면역도 조사에 대해, 앞서 전문가들은 검사 방법의 정확도를 높인 뒤 조사를 시행해야 한다는 입장을 밝힌 바 있다.    오명돈 중앙임상위원회 위원장은 29일 국립중앙의료원에서 기자회견을 열어 ""신뢰도가 높고 정확한 항체 검사법을 확립한 뒤, 인구면역도 조사를 시행하는 것이 맞다""고 말했다.    오 위원장은 ""현재 개발된 항체 검사법은 신뢰도와 정확도가 만족스럽지 않은데 이를 해결해야 한다""고 덧붙였다.신종 코로나바이러스 감염증(코로나19) (PG)[장현경 제작] 일러스트    sun@yna.co.kr▶코로나19 속보는 네이버 연합뉴스에서 [구독 클릭]▶[팩트체크] 연합뉴스가 확인한 '팩트' 이렇습니다▶제보하기",https://news.naver.com/main/read.nhn?mode=LSD&mid=sec&sid1=102&oid=001&aid=0011582082
47,2020.04.30.,MBC,"코로나19 '집단면역' 조사한다…당국 ""국민영양조사 통해 확인""","방역당국이 코로나19의 국내 전파 규모를 확인하기 위한 '인구면역도' 조사를 시행하기로 했습니다.권준욱 중앙방역대책본부 부본부장은 오늘 정례 브리핑에서 ""효과적인 방역 대책을 수립하기 위한 목적으로 코로나19 지역사회 감염 동향과 집단면역을 확인할 계획""이라고 밝혔습니다.'인구면역도 조사'는 감염증에 걸린 뒤 바이러스를 무력화하는 항체가 형성됐는지 여부를 따져, 면역이 생긴 인구가 얼마나 되는지를 파악하는 조사입니다.방역 당국은 국민건강영양조사에서 확보되는 혈액을 활용해 이 조사를 수행할 계획으로, 대구·경북 지역의 감염병 특별관리지역에서 우선 항체검사를 시행할 방침입니다.오현석 기자 (ohs@mbc.co.kr)[저작권자(c) MBC (https://imnews.imbc.com) 무단복제-재배포 금지]▶ 네이버 홈에서 [MBC뉴스] 채널 구독하기▶ 새로움을 탐험하다. ""엠빅뉴스""▶ [1시 일제사격] 그날의 취재수첩Copyright(c) Since 1996, MBC&iMBC All rights reserved.",https://news.naver.com/main/read.nhn?mode=LSD&mid=sec&sid1=102&oid=214&aid=0001034836
48,2020.04.30.,디지털타임스,코로나19 ‘집단면역’ 조사한다…“대구·경북 우선 검토”,"당국 “국민영양조사 통해 확보된 혈액 활용 계획”바이러스 무력화하는 항체 형성 여부로 평가정부가 신종 코로나바이러스 감염증(코로나19)의 국내 전파 규모를 확인하기 위한 집단면역 조사에 나선다.  권준욱 중앙방역대책본부 부본부장은 30일 충북 오송 질병관리본부에서 열린 정례 브리핑에서 ""효과적인 방역 대책 수립을 위해 코로나19 지역사회 감염 동향과 집단면역을 확인할 계획""이라고 밝혔다.인구면역도 조사는 감염증에 걸린 뒤 면역이 생긴 인구가 얼마나 되는지를 파악하기 위해 수행한다. 코로나19의 경우 인구의 60% 이상이 감염증에 걸리면 '집단면역'이 형성된다고 알려졌다. 면역도 조사 결과는 감염자 중 사망자의 비율을 파악하는 데 활용할 수도 있다. 인구면역도는 바이러스를 무력화하는 항체가 형성됐는지 여부로 평가한다. 권 부본부장은 ""전체 국민을 대표할 수 있는 표본을 선정하는 방법의 하나로, 국민건강영양조사에서 확보되는 혈액을 활용할 계획""이라고 말했다. 대구·경북 지역에서 많은 코로나19 확진자가 발생한 만큼 이 지역을 대상으로 우선 항체검사를 실시할 방침이다.권 부본부장은 ""전문가들과 논의해, 시약을 선정하고 신속하게 진행하도록 하겠다""고 밝혔다. 김수연기자 newsnews@dt.co.kr권준욱 중앙방역대책부본부장(국립보건연구원장)이 국내 코로나19 발생 100일째인 28일 오후 충북 청주시 질병관리본부에서 국내 발생현황 및 확진환자 중간조사 결과 등 정례브리핑을 하고 있다. 연합뉴스     디지털타임스 채널 구독 / 뉴스스탠드 구독디지털타임스 홈페이지 바로가기",https://news.naver.com/main/read.nhn?mode=LSD&mid=sec&sid1=105&oid=029&aid=0002595985
49,2020.04.30.,연합뉴스,"코로나19 '집단면역' 조사한다…당국 ""국민영양조사 통해 확인""","환자 많았던 대구·경북 지역 우선 검토(서울=연합뉴스) 신선미 기자 = 방역당국이 신종 코로나바이러스 감염증(코로나19)의 국내 전파 규모를 확인하기 위한 '인구면역도' 조사를 시행하기로 했다. 브리핑하는 권준욱 부본부장[연합뉴스 자료 사진]    권준욱 중앙방역대책본부 부본부장은 30일 충북 오송 질병관리본부에서 열린 정례 브리핑에서 ""효과적인 방역 대책을 수립하기 위한 목적으로 코로나19 지역사회 감염 동향과 집단면역을 확인할 계획""이라고 밝혔다.    인구면역도 조사는 감염증에 걸린 뒤 면역이 생긴 인구가 얼마나 되는지를 파악하기 위해 수행한다. 코로나19의 경우 인구의 60% 이상이 감염증에 걸리면 '집단면역'이 형성된다고 알려졌다. 면역도 조사 결과는 감염자 중 사망자의 비율을 파악하는 데 활용할 수도 있다.    인구면역도는 바이러스를 무력화하는 항체가 형성됐는지 여부로 평가한다.    권 부본부장은 ""전체 국민을 대표할 수 있는 표본을 선정하는 방법의 하나로, 국민건강영양조사에서 확보되는 혈액을 활용하겠다""는 구체적인 방안도 제시했다.     국내에서는 신천지대구교회와 관련해 대구·경북 지역에서 많은 코로나19 확진자가 발생한 만큼, 방역당국은 이 감염병 특별관리지역에서 우선 항체검사를 시행할 방침이다.    권 부본부장은 ""전문가들과 논의해, 시약을 선정하고 신속하게 진행하도록 하겠다""고 밝혔다.신종 코로나바이러스 감염증(코로나19) (PG)[장현경 제작] 일러스트    sun@yna.co.kr▶코로나19 속보는 네이버 연합뉴스에서 [구독 클릭]▶[팩트체크] 연합뉴스가 확인한 '팩트' 이렇습니다▶제보하기",https://news.naver.com/main/read.nhn?mode=LSD&mid=sec&sid1=102&oid=001&aid=0011581972
50,2020.04.30.,The Internet Hankyoreh,아베 “지구전 각오해야” 코로나19 긴급사태 연장,"“일상으로 돌아가기는 곤란”6일 종료 예정이던 긴급사태 한 달 연장할 것으로 전망대상 지역, 기간 확정 안돼아베 신조 일본 총리가 30일 일본 도쿄 국회에서 마스크를 쓰고 발언을 하고 있다. 도쿄/지지 연합뉴스일본 정부가 5월6일 종료할 예정이었던 코로나19 긴급사태 기간을 연장할 방침이다.아베 신조 일본 총리는 30일 저녁 기자단에 “5월 7일부터 이전 일상으로 돌아가기는 곤란하다고 생각한다. 어느 정도 지구전은 각오해야 한다. 연장 기간이 어느 정도가 될지는 전문가 의견을 듣겠다”며 긴급사태 연장을 확인했다.이에 앞서 아베 총리는 도쿄 총리관저에서 니카이 도시히로 자민당 간사장과 하야시 모토오 간사장 대리를 만나 긴급사태 기간 연장 방침을 전달했다고 <엔에이치케이>(NHK) 방송이 보도했다. 연장 기간과 대상 지역에 대해서는 전문가 의견을 청취한 뒤 최종적으로 판단하겠다는 뜻을 밝혔다. 니카이 간사장은 아베 총리와의 회담 뒤 기자단에 “매우 적절한 판단이라고 생각한다”고 말했다. 일본 정부는 코로나19 확진자가 급증하자 지난 7일 도쿄를 포함한 7개 광역지방자치단체를 대상으로 긴급사태를 선언했다. 이후 16일에는 긴급사태를 전국 모든 지역으로 확대했다. 일본 정부는 당초 봄철 장기 연휴가 끝나는 5월7일까지 사람들 간 접촉을 최대 80% 줄이면 감염 확산 기세를 꺾을 수 있다고 기대했다. 그러나 일본 내 코로나19 감염자는 29일에도 224명이 증가해서 2만명(크루즈선 ‘다이아몬드 프린세스’ 집단 감염 포함)이 넘은 상태다. 일본 정부가 기대한 만큼 감염 확산세가 꺾이지 않자, 긴급사태 연장은 불가피하다는 전망이 많았다. 남은 것은 기간과 대상 지역 정도 정도다. 일본 정부는 1일 전문가 회의를 개최할 예정이며, 이 회의에서 나온 의견을 토대로 최종 결정을 할 것으로 보인다.도쿄/조기원 특파원 garden@hani.co.kr▶네이버 뉴스판에서 한겨레21을 구독하세요!▶신문 구독신청▶코로나 절벽에 선 사람들[ⓒ한겨레신문 : 무단전재 및 재배포 금지]",https://news.naver.com/main/read.nhn?mode=LSD&mid=sec&sid1=104&oid=028&aid=0002495710
51,2020.05.01.,뉴시스,코로나19 확진자 9명 늘어 1만774명…사흘째 한자릿수 증가,"해외유입 8명·지역발생 1명 추가완치 9072명…8685명 검사 중  사망 1명 늘어 248명…치명률 2.3%[대구=뉴시스] 이무열 기자 = 국내 첫 신종 코로나바이러스 감염증(코로나19) 확진환자가 발생한지 100일째인 28일 오후 코로나19 지역거점병원인 대구 중구 계명대학교 대구동산병원에서 근무 교대를 위해 방호복을 착용한 의료진이 병동으로 들어가고 있다. 2020.04.28. lmy@newsis.com[세종=뉴시스] 변해정 구무서 기자 = 국내 신종 코로나바이러스 감염증(코로나19) 확진자가 하루 사이 9명 늘어 1만774명이 됐다. 신규 확진자 수는 사흘 연속 한 자릿수를 유지했다. 사망자는 1명이 늘어 248명이다. 치명률은 2.3%다. 질병관리본부 중앙방역대책본부는 1일 오전 0시 기준 국내 코로나19 누적 확진자 수는 총 1만774명이라고 밝혔다. 전날 1만765명에 비해 9명 증가했다. 일일 신규 확진자 수는 지난달 29일(9명)과 30일(4명)에 이어 사흘째 한 자릿수를 유지했다. 지난달 18일(18명) 10명대로 줄어든 뒤 19일부터 이날까지 13일째 10명 안팎을 유지하고 있는 셈이다.  신규 확진자 9명 중 8명이 해외 유입 사례였다. 이 가운데 4명이 공항 검역 과정에서, 4명은 무증상 입국후 뒤늦게 지역사회에서 각각 확진됐다. 해당 지역은 모두 수도권(경기 2명, 서울 1명, 인천 1명)이다. 전체 확진자 중 해외유입 사례는 총 1073명으로 늘어났다. 내국인이 90.6%를 차지한다. 공항 검역 과정에서 450명, 지역사회에서 623명 확인됐다.신규 확진자 1명은 경북 지역에서 발생한 사례다.  국내 인구 10만명당 코로나19 발생률은 20.78명이다.사망자는 전날 대비 1명이 늘어 총 248명이다. 확진자 대비 사망자 비율인 치명률은 2.30%였다. 80세 이상 24.28%, 70대 10.58%, 60대 2.60%, 50대 0.77%, 40대 0.21%, 30대 0.17% 순이다. 완치해 격리해제 된 확진자는 13명 늘어 총 9072명이 됐다. 신규 확진자 수보다 격리해제자 수가 더 많아 격리 치료를 받는 확진자는 1454명으로 5명 감소했다. 코로나19 진단검사에서 음성 판정을 받은 인원은 총 60만3610명이다. 현재 8685명은 검사결과를 기다리고 있다.☞공감언론 뉴시스 hjpyun@newsis.com, nowest@newsis.com▶ 네이버에서 뉴시스TV 구독하기▶ K-Artprice, 유명 미술작품 가격 공개▶ 뉴시스 빅데이터 MSI 주가시세표 바로가기 <ⓒ 공감언론 뉴시스통신사. 무단전재-재배포 금지>",https://news.naver.com/main/read.nhn?mode=LSD&mid=sec&sid1=102&oid=003&aid=0009842603
52,2020.05.01.,뉴시스,코로나19 신규환자 9명…사흘째 한자릿수대 증가(종합),"누적 1만774명…해외유입 8명·지역발생 1명완치자 9072명…8685명 코로나19 검사 중 사망자 1명 늘어 248명…치명률 2.30%[대구=뉴시스] 이무열 기자 = 국내 첫 신종 코로나바이러스 감염증(코로나19) 확진환자가 발생한지 100일째인 28일 오후 코로나19 지역거점병원인 대구 중구 계명대학교 대구동산병원에서 근무 교대를 위해 방호복을 착용한 의료진이 병동으로 들어가고 있다. 2020.04.28. lmy@newsis.com[세종=뉴시스] 변해정 구무서 기자 = 국내 신종 코로나바이러스 감염증(코로나19) 확진자가 하루 사이 9명 늘어 1만774명이 됐다. 신규 확진자 수는 사흘 연속 한 자릿수를 유지했다. 사망자는 1명이 늘어 248명이다. 치명률은 2.3%다. 질병관리본부 중앙방역대책본부는 1일 오전 0시 기준 국내 코로나19 누적 확진자 수는 총 1만774명이라고 밝혔다. 전날 1만765명에서 9명 증가했다. 일일 신규 확진자 수는 지난달 29일(9명)과 30일(4명)에 이어 사흘째 한 자릿수를 유지했다. 사흘 연속 한 자릿수 증가폭을 보인 것은 신천지대구교회 신도인 '31번째 환자'가 발생한 2월 18일 이후 처음이다.  지난달 18일(18명) 10명대로 줄어든 뒤 19일부터 이날까지 2주(14일)째 10명 안팎을 유지하고 있는 셈이다.  신규 확진자 9명 중 8명이 해외 유입 사례였다. 이 가운데 4명이 공항 검역 과정에서, 4명은 무증상 입국했거나 해외유입자로부터 감염돼 뒤늦게 지역사회에서 확진됐다. 해당 지역은 모두 수도권(경기 2명, 서울 1명, 인천 1명)이다. 전체 확진자 중 해외유입 사례는 총 1073명으로 늘어났다. 내국인이 90.6%를 차지한다. 공항 검역 과정에서 450명, 지역사회에서 623명 확인됐다.신규 확진자 1명은 경북 지역에서 발생한 사례다.  지역별 누적 확진자 수는 대구 6852명, 경북 1366명이다. 경기 678명, 서울 634명, 인천 94명이다. 이 밖에 충남 143명, 부산 137명, 경남 117명, 강원 53명, 세종 46명, 충북 45명, 울산 43명, 대전 40명, 광주 30명, 전북 18명, 전남 15명, 제주 13명 순이었다. 전체 확진자 중에서 여성은 6418명으로 59.57%를 차지했다. 나머지 4356명(40.43%)은 남성이다. 연령별로는 20대가 2957명(27.45%)으로 가장 많았다. 이어 ▲50대 1956명(18.15%) ▲40대 1429명(13.26%) ▲60대 1348명(12.51%) ▲30대 1159명(10.76%) ▲70대 709명(6.58%) ▲10대 590명(5.48%) ▲80세 이상 486명(4.51%) ▲0∼9세 140명(1.30%) 등의 순으로 나타났다. 국내 인구 10만명당 코로나19 발생률은 20.78명이다.사망자는 전날 대비 1명이 늘어 총 248명이다. 확진자 대비 사망자 비율인 치명률은 2.30%였다. 80세 이상 24.28%, 70대 10.58%, 60대 2.60%, 50대 0.77%, 40대 0.21%, 30대 0.17% 순이다. 완치해 격리해제 된 확진자는 13명 늘어 총 9072명이 됐다. 신규 확진자 수보다 격리해제자 수가 더 많아 격리 치료를 받는 확진자는 1454명으로 5명 감소했다. 코로나19 진단검사에서 음성 판정을 받은 인원은 총 60만3610명이다. 현재 8685명은 검사결과를 기다리고 있다.☞공감언론 뉴시스 hjpyun@newsis.com, nowest@newsis.com▶ 네이버에서 뉴시스TV 구독하기▶ K-Artprice, 유명 미술작품 가격 공개▶ 뉴시스 빅데이터 MSI 주가시세표 바로가기 <ⓒ 공감언론 뉴시스통신사. 무단전재-재배포 금지>",https://news.naver.com/main/read.nhn?mode=LSD&mid=sec&sid1=102&oid=003&aid=0009842626
53,2020.05.01.,Joins.com,"'코로나 충격' 4월 수출 24% 급감, 무역수지 99개월만에 적자","신종 코로나바이러스 감염증 여파로 4월 수출이 급감했다. 지난달 21일 부산 신선대부도 모습. 뉴스1           지난달 수출이 전년 대비 24.3% 급감했다. 신종 코로나바이러스 감염증(코로나19) 영향으로 국제 교역이 얼어붙은 여파다. 무역수지는 99개월 만에 적자로 돌아섰다.      1일 산업통상자원부에 따르면 지난달 수출은 369억2000만 달러를 기록했다. 수입은 378억7000만 달러다. 전년 대비 15.9% 줄었다. 이에 따라 무역수지는 9억5000만 달러 적자를 기록했다.     그래픽=신재민 기자       산업부는 “지난달 수출은 코로나19 본격화에 따른 글로벌 수요 급감, 조업일수 2일 부족, 역(逆) 기저효과 등으로 감소했다”고 설명했다. 지난해 4월 수출은 연중 최고 가장 많았다.      산업부는 또 “2∼3월에는 주로 대 중국 수출이 부진하였으나, 4월에는 미국?유럽연합(EU)?아세안 등 주요 시장 여건 악화에 따라 전 지역에 대한 수출이 감소했다”고 덧붙였다.      무역수지 적자에 대해선 일시적 현상이라는 게 정부의 분석이다. 산업부는 ""우리 제조업은 주요국에 비해 정상 가동 중""이라며 ""수출보다 수입 감소율이 낮음에 따라 일시적 무역수지 적자가 발생했다""고 밝혔다.      세종=하남현 기자 ha.namhyun@joongang.co.kr  ▶ 그래서, 팩트가 뭐야? 궁금하면 '팩플'▶ 내 돈 관리는 '그게머니' / 중앙일보 가기ⓒ중앙일보(https://joongang.co.kr), 무단 전재 및 재배포 금지",https://news.naver.com/main/read.nhn?mode=LSD&mid=sec&sid1=101&oid=025&aid=0002997428
54,2020.05.01.,노컷뉴스,코로나19 확진자 9명 늘어 1만774명…지역발생 1명,"신규확진자 8명은 해외유입, 지역발생은 1명사망자 248명으로 늘어…치명률 2.30%[CBS노컷뉴스 황영찬 기자](사진=연합뉴스)국내 코로나19 신규 확진자가 1일 0시 기준 전날보다 9명 늘어난 1만 774명으로 집계됐다. 신규 확진자 중 8명은 해외에서 유입된 환자며, 지역발생은 1명이다.중앙방역대책본부에 따르면, 1일 0시 기준 국내 누적 확진자 수는 모두 1만 774명이다.사망자는 전날보다 1명이 증가해 248명으로 집계됐다. 치명률은 2.30%다. 격리해제는 13명이 증가해 9072명으로 집계됐다. 완치율은 84.2%다. 나머지 1454명이 현재 격리 돼 치료를 받고 있는 상황이다.지역사회 신규 확진자는 경북에서만 1명이 발생했다. 해외유입 환자는 검역과정에서 4명이 확인됐으며, 경기에서 2명, 서울과 인천에서 각각 1명이 발견됐다.▶ 코로나19 대유행 관련기사 모음▶ 클릭 한 번이면 노컷뉴스 구독!▶ 보다 나은 세상, 노컷브이와 함께techan92@cbs.co.kr저작권자 ? CBS 노컷뉴스 무단전재 및 재배포 금지",https://news.naver.com/main/read.nhn?mode=LSD&mid=sec&sid1=102&oid=079&aid=0003355465
55,2020.05.01.,매일신문,코로나19 확진자 어제 9명 늘어…국내 누적 1만774명,"2작전사 예하 50사단 장병들이 개학을 앞두고 학생들의 안전한 생활을 위해 경상중학교에서 생활 밀착형 방역작전을 지원하고 있다. 2작전사는 지난 2월 27일부터 64일간 신종 코로나바이러스 감염증(코로나19)의 확산방지와 국민의 생명과 안전을 지키기 위해 휴일 없이 주민 생활과 밀접한 학교·버스 등을 대상으로 생활 밀착형 방역 작전을 지속 중이다. 연합뉴스1일 국내 코로나바이러스감염증-19(코로나19) 확진자가 모두 9명 늘어났다. 국내 지역사회 감염자는 1명에 그쳤다. 다른 8명은 해외유입 사례로 확인됐다.중앙방역대책본부는 이날 0시 기준 코로나19 확진자가 전날 0시보다 9명 늘어나 총 1만774명으로 집계됐다고 밝혔다.신규 확진자 9명 중 8명은 해외 유입 사례다. 이 중 4명은 공항 검역 과정에서 확인됐다. 나머지는 입국 후 지역사회로 돌아간 뒤 '양성' 판정을 받았다. 지역별로는 서울에서 1명, 인천에서 1명, 경기에서 2명 등이다.국내에서 발생한 사례는 경북에서 보고된 1명이다.이날 0시 기준 코로나19 감염에 따른 사망자는 1명 늘어난 누적 248명이다. 전날 경기도 명지병원에서 입원 치료 중이던 확진자 1명이 사망했다.완치해 격리 해제된 확진자는 13명이 늘어 총 9천72명이 됐다. 국내 완치율은 84.2%다. 격리된 상태로 치료 중인 확진자는 1천454명이다.홍준헌 기자 hjh@imaeil.com▶ 네이버에서 매일신문 구독하기▶ 매일신문 네이버TV 바로가기ⓒ매일신문 - www.imaeil.com",https://news.naver.com/main/read.nhn?mode=LSD&mid=sec&sid1=101&oid=088&aid=0000645599
56,2020.05.01.,donga.com,‘코로나19’ 국내 확진자 9명 늘어 총 1만774명…지역서 1명 추가,"국내 신종 코로나바이러스 감염증(코로나19) 확진자 9명이 추가로 발생했다. 질병관리본부 중앙방역대책본부는 1일 0시 기준 전날 0시보다 확진자 9명이 늘어 총 누적 확진자는 1만 774명이라고 밝혔다. 신규 확진자 9명 중 8명은 해외 유입 사례로, 서울 1명, 인천 1명, 경기 2명, 검역 4명이다. 지역발생 사례는 1명으로 경북에서 나왔다. 격리해제 환자는 전날보다 13명 증가해 총 9072명이 됐다, 현재 격리돼 치료 중인 환자는 1454명이다. 사망자는 1명 늘어 모두 248명이 됐다. 김혜란 동아닷컴 기자 lastleast@donga.com▶ 네이버에서 [동아일보] 채널 구독하기▶ 집 볼 때 쓰는 메모장 '집보장'ⓒ 동아일보 & donga.com, 무단 전재 및 재배포 금지",https://news.naver.com/main/read.nhn?mode=LSD&mid=sec&sid1=102&oid=020&aid=0003283925
58,2020.04.30.,한경닷컴,"文, 국내 코로나 확진 '0명'에 ""대한민국의 힘, 국민의 힘""","문재인 대통령 SNS문재인 대통령이 국내 코로나19(신종 코로나바이러스 감염증) 신규 확진자가 발생하지 않은 것을 두고 국민들에게 감사의 뜻을 전했다.문 대통령은 30일 SNS 메시지를 통해 ""72일 만의 코로나19 국내 확진자 0명, 총선 이후 14일간 선거로 인한 감염 0명, 대한민국의 힘 국민의 힘이다""라고 썼다.정부에 따르면 이날 국내 코로나19 확진자는 전날보다 4명 증가한 것으로 집계됐다. 신규 확진자 4명은 모두 해외 유입 사례로, 전부 공항 검역 과정에서 확인됐다.지역에서 발생한 환자는 지난 2월18일 이후 처음으로 '0명'을 기록했다.특히 코로나19 팬데믹(세계적 대유행) 상황에서 치러진 국내 21대 총선과 관련해 아직까지 단 한 명의 감염자도 나오지 않은 것은 매우 고무적인 성과라는 평가가 나온다.윤태호 보건복지부 중앙사고수습본부 방역총괄반장은 이날 정부세종청사에서 열린 중앙재난안전대책본부(중대본) 코로나19 관련 정례브리핑에서 ""약 2900만명이 투표에 참여한 지난 총선으로 인한 확진자가 발생하지 않은 것으로 보인다""고 밝혔다.노정동 한경닷컴 기자 dong2@hankyung.com▶ 네이버에서 한국경제 뉴스를 받아보세요▶ 한경닷컴 바로가기  ▶ 모바일한경 구독신청 ⓒ 한국경제 & hankyung.com, 무단전재 및 재배포 금지",https://news.naver.com/main/read.nhn?mode=LSD&mid=sec&sid1=100&oid=015&aid=0004333282
61,2020.05.01.,연합뉴스,[2보] 코로나 충격 4월 수출 24%↓…99개월만에 멈춘 무역흑자 행진,"코로나19(CG)[연합뉴스TV 제공]    (서울=연합뉴스) 고은지 기자 = 신종 코로나바이러스 감염증(코로나19)의 충격으로 4월 수출이 급감했다.    산업통상자원부는 코로나19가 본격화함에 따라 글로벌 수요 위축, 조업일수 감소, 역기저효과 등의 요인으로 지난달 수출이 지난해 같은 달보다 24.3% 감소한 369억2천만달러에 그쳤다고 1일 밝혔다.    조업일수를 고려한 하루평균 수출은 17.4% 감소했다.     2∼3월에는 주로 대(對)중국 수출이 부진했다면 4월에는 미국, 유럽연합(EU), 동남아시아국가연합(ASEAN·아세안) 등 주요 시장이 모두 코로나19의 영향을 받아 전 지역 수출이 감소했다.    다만 한국산 방역제품에 대한 수요가 커지면서 바이오·헬스 수출이 29.0% 늘었고 재택근무 확산 등의 영향으로 컴퓨터 수출은 99.3% 급증했다.    수입은 15.9% 하락한 378억7천만달러를 기록했다.    무역수지는 9억5천만달러 적자를 내면서 99개월 만에 흑자 행진을 멈췄다.    산업부는 ""코로나19 상황에서도 한국 제조업은 주요국에 비해 정상 가동하는 가운데 수출보다 수입 감소율이 낮아지면서 일시적으로 적자가 발생했다""면서 ""주요국과 비교해서 내수 여건이 상대적으로 양호함을 반증한다""고 설명했다.[표] 4월 수출입 실적                (단위: 백만달러, %)※ 통관 기준 잠정치(자료: 관세청)▶코로나19 속보는 네이버 연합뉴스에서 [구독 클릭]▶[팩트체크] 연합뉴스가 확인한 '팩트' 이렇습니다▶제보하기",https://news.naver.com/main/read.nhn?mode=LSD&mid=sec&sid1=101&oid=001&aid=0011582684
62,2020.05.01.,매일신문,코로나19로 소비 감소…경북 상품 최대 80% 할인 판매,"경북도, 5월 쿠팡, 우체국쇼핑 등 5개 온라인쇼핑몰서 '경북 세일 페스타'경북 세일 페스타에 참여하는 쿠팡, 경북고향장터 사이소, 대구백화점·이마트. 경북도 제공 매일신문 | 코로나 극복및 피해지원을 위한 경상북도의 통큰 세일페스타!경상북도는 5월 한달 간 국내 주요 온라인 쇼핑몰과 협업해 '경북 세일 페스타'를 연다고 1일 밝혔다. 코로나바이러스감염증-19(코로나19) 피해를 입은 경북 기업, 소상공인을 돕고 소비자에게도 할인 혜택을 제공하는 행사다.경북도는 이 기간 쿠팡과 우체국쇼핑 등 5개 대형 온라인쇼핑몰에서 지역 5백여 중소기업의 식품과 생활용품 등 우수 제품을 최대 80% 할인 판매한다.경북도는 코로나19 이후 비대면 쇼핑 문화에 발맞추고 지역 500여 기업·소상공인들이 피해를 회복하도록 돕고자 이번 기획전을 준비했다고 밝혔다. 행사 마케팅 비용 등은 경북도 추경예산을 통해 확보한 것으로 알려졌다.대표 행사로는 쿠팡 '힘내요 대한민국, 경북 세일 페스타' 기획전이 있다.쿠팡은 이번 기획전에서 코로나19로 인해 판로를 잃은 경북 지역 107개 업체 1천500여 개 상품을 직매입해 로켓배송으로 판매한다. 지역 특산품은 로켓프레시로 다음 날 아침 7시까지 받아볼 수 있다.대표상품으로는 '농협 당도선별 봉화 사과 2㎏', '구룡포 반건 오징어 5미 500G', '청도 감말랭이 700Gx2팩'이 있다.할인 혜택도 더했다. 경북도의 지원에 따라 총 7억원 규모의 즉시 할인 혜택을 제공한다. 이에 따라 고객은 정가 대비 최대 30% 할인된 가격으로 경북 지역 상품을 구매할 수 있다. 쿠팡은 추가로 7억원 규모의 광고를 집행해 경북 지역 상품을 홍보한다.쿠팡은 지난달 7일부터 30일까지 '힘내요 대한민국' 1차 기획전을 열어 대구, 경북, 경남, 대전, 충북, 광주, 제주 총 7개 지역의 142개 업체와 협력해 2천274개 상품을 판매한 바 있다.쿠팡은 더 많은 지역 기업들을 돕고자 대구, 경북, 경남, 대전, 충북, 광주, 제주 7개 지자체를 통해 '힘내요 대한민국' 2차 기획전 참여 신청을 받고 있다. 2차 기획전은 6월부터 시작될 예정이다. 쿠팡은 이번 기획전을 2020년 연말까지 이어갈 계획이다.경북 세일 페스타에 참여하는 쿠팡, 경북고향장터 사이소, 대구백화점·이마트. 경북도 제공이 밖에도 5월 한달 경북 고향장터 사이소(www.cyso.co.kr)에서 품목별 20~40% 특판전과 2천원 할인쿠폰 즉시 발행 행사를, 오는 4일부터 대구백화점 대백프라자점 지하1층과 대구경북 이마트(구미·경산·월배·포항점)에서 '5(오)해피데이 안테나숍 가정의 달 이벤트'를 각각 개최한다.경북도 관계자는 ""싱그러운 5월 첫날부터 한달 간 코로나19 극복과 피해 지원을 목표로 경북 세일 페스타 특별 프로모션을 마련했다. 우수한 경북 지역기업 제품 빅세일에 많은 성원과 사랑을 부탁드린다""고 말했다.경북 세일 페스타에 참여하는 쿠팡, 경북고향장터 사이소, 대구백화점·이마트. 경북도 제공홍준헌 기자 hjh@imaeil.com▶ 네이버에서 매일신문 구독하기▶ 매일신문 네이버TV 바로가기ⓒ매일신문 - www.imaeil.com",https://news.naver.com/main/read.nhn?mode=LSD&mid=sec&sid1=101&oid=088&aid=0000645604
71,2020.04.30.,media KHAN,[속보]코로나19 신규 확진자 4명···국내 발생 '0',"코로나 19의 여파로 외국인 관광객들의 입국이 사실상 막혀 버렸다.지난 29일 명동거리에는 임시휴업으로 문을 닫은 상점들과 텅빈 거리의 모습을 보이고 있다. / 김기남 기자 kknphoto@kyunghyang.com질병관리본부 중앙방역대책본부는 30일 오전 0시 기준 코로나19 확진자가 1만765명이라고 밝혔다. 전날 오전 0시 대비 4명이 늘었다.최근 신규 확진자 수는 27일 10명, 28일 14명, 29일 9명에 이어 이날 4명을 기록했다. 이는 전국 코로나19 확진자 31번이 발생한 2월18일 이후 72일 만의 최저치다.신규 확진자 4명은 전부 해외 유입된 사례로, 공항 검역 과정에서 확인됐다. 지역 코로나19 확진자는 추가되지 않았다.현재까지 확인된 사망자는 247명이다. 전날 같은 시각 대비 1명의 사망자가 추가됐다.완치로 격리해제된 확진자는 137명이 늘어 총 9059명이다.김동성 기자 estar@kyunghyang.com▶ 장도리 | 그림마당 보기▶ 경향신문 바로가기▶ 경향신문 구독신청하기?경향신문(www.khan.co.kr), 무단전재 및 재배포 금지",https://news.naver.com/main/read.nhn?mode=LSD&mid=sec&sid1=102&oid=032&aid=0003006624
72,2020.04.30.,연합뉴스,[2보] 코로나19 신규확진 4명 모두 해외유입…지역발생 '0명',"72일만 최저치 기록…누적 확진 1만765명·사망자 1명 늘어 총 247명(서울=연합뉴스) 채새롬 기자 = 30일 국내 신종 코로나바이러스 감염증(코로나19) 확진자는 전날보다 4명 증가한 것으로 집계됐다.     중앙방역대책본부(방대본)는 이날 0시 기준 코로나19 확진자가 전날 0시보다 4명 늘어나 총 1만765명을 기록했다고 밝혔다.    방대본 발표일 기준으로 일일 신규 확진자 수는 18일에 18명으로 10명대로 감소한 뒤 19일부터 이날까지 11일째 6~14명을 기록하는 안정적인 추세를 이어갔다. 이날에는 4명으로 줄어 31번 환자가 발생한 2월 18일 이후 72일 만에 최저치를 기록했다.인천국제공항 1터미널 입국장[연합뉴스 자료사진]    신규 확진자 4명은 모두 해외 유입 사례이고, 전부 공항 검역 과정에서 확인됐다. 지역에서는 신규 확진자가 추가되지 않았다.    이날 0시 기준 코로나19 확진자 중 사망자는 누적 247명이다. 전날 1명이 사망했다.     완치해 격리 해제된 확진자는 137명이 늘어 총 9천59명이 됐다.    srchae@yna.co.kr▶코로나19 속보는 네이버 연합뉴스에서 [구독 클릭]▶[팩트체크] 연합뉴스가 확인한 '팩트' 이렇습니다▶제보하기",https://news.naver.com/main/read.nhn?mode=LSD&mid=sec&sid1=102&oid=001&aid=0011581518
73,2020.04.30.,SBS & SBSi ,코로나19 신규 확진 4명 모두 해외유입…지역 발생 '0명',"오늘(30일) 코로나19 확진자 수는 어제보다 4명 증가한 것으로 집계됐습니다.중앙방역대책본부는 오늘 새벽 0시 기준 코로나19 확진자가 어제 새벽 0시보다 4명 늘어나 모두 1만 765명을 기록했다고 밝혔습니다.일일 신규 확진자 수는 지난 18일에 18명으로 10명대로 감소한 뒤 19일부터 오늘까지 11일째 6명에서 14명 사이를 기록하는 안정적인 추세를 이어갔습니다.오늘 추가 확진자 수는 4명으로 줄어 31번 환자가 발생한 2월 18일 이후 72일 만에 가장 낮은 수치를 기록했습니다.신규 확진자 4명은 모두 해외 유입 사례이고, 전부 공항 검역 과정에서 확인됐습니다.지역에서는 신규 확진자가 추가되지 않았습니다.오늘 새벽 0시 기준 코로나19 확진자 중 사망자는 모두 247명으로 어제보다 1명 늘었습니다.완치해 격리 해제된 확진자는 137명이 늘어 총 9천59명이 됐습니다.(SBS 뉴미디어부)?박찬근 기자(geun@sbs.co.kr)▶ 코로나19 속보 보기▶ 이천 물류창고 화재 속보 보기▶ 방콕에 지친 당신을 위해…안방 1열 공연 라인업※ ⓒ SBS & SBS Digital News Lab. : 무단복제 및 재배포 금지",https://news.naver.com/main/read.nhn?mode=LSD&mid=sec&sid1=102&oid=055&aid=0000811470
74,2020.04.30.,SBS CNBC,코로나19 신규 확진 4명…72일만 최저·지역발생 '0명',"국내 코로나19 신규 확진자가 어제 하루 4명 증가한 것으로 집계됐습니다.중앙방역대책본부(방대본)는 이날 0시 기준 코로나19 확진자가 전날 0시보다 4명 늘어나 총 1만765명을 기록했다고 밝혔습니다.31번 확진자가 나타나며 환자가 대폭 증가한 이후 72일만에 최저치입니다.또, 신규 확진자 4명 모두 해외 유입 사례로 지역에서 발생한 신규 확진자는 없었습니다.이날 0시 기준 코로나19 확진자 중 누적 사망자는 247명이고, 완치 환자는 9천59명입니다. 김창섭 기자(cskim@sbs.co.kr) ▶ 아침을 여는 뉴스 모닝벨 [#오늘의키워드]▶ 경제를 실험한다~ 머니랩 [네이버TV]저작권자 SBS미디어넷 & SBS I&M 무단전재-재배포 금지",https://news.naver.com/main/read.nhn?mode=LSD&mid=sec&sid1=101&oid=374&aid=0000210535
76,2020.04.30.,연합뉴스,코로나19 신규확진 4명·총1만765명…72일만에 지역발생 '0명'(종합),"4명 모두 해외유입…사망자 1명 늘어 총 247명·완치 9천59명2월18일 31번 환자 발생 이후 신규환자 최저치 기록(서울=연합뉴스) 채새롬 기자 = 30일 국내 신종 코로나바이러스 감염증(코로나19) 확진자는 전날보다 4명 증가한 것으로 집계됐다.     이들 모두 해외 유입 사례로, 전국의 지역에서 발생한 환자는 '0명'을 기록했다. 국내 지역에서 신규 환자가 발생하지 않은 것은 2월 18일 이후 72일 만이다.육군 31사단, 코로나19 방역에 총력(광주=연합뉴스) 20일 오후 광주 광산구 호남대학교에서 육군 제31보병사단 장병들이 코로나19 확산 예방을 위해 방역 소독을 하고 있다. 31사단은 이번 주말까지 225개소에서 연인원 900여명을 투입해 다중이용시설에 대한 검역 및 방역, 도시락 지원 등 다양한 작전을 펼친다. 2020.4.20 [육군 제31보병사단 제공. 재판매 및 DB 금지] pch80@yna.co.kr    중앙방역대책본부(방대본)는 이날 0시 기준 코로나19 확진자가 전날 0시보다 4명 늘어나 총 1만765명을 기록했다고 밝혔다.    방대본 발표일 기준으로 일일 신규 확진자 수는 18일에 18명으로 10명대로 감소한 뒤 19일부터 이날까지 11일째 6~14명을 기록하는 안정적인 추세를 이어갔다. 이날에는 4명으로 줄어 31번 환자가 발생한 2월 18일 이후 72일 만에 최저치를 기록했다는 게 방대본의 설명이다.    신규 확진자 4명은 모두 해외 유입 사례로, 전부 공항 검역 과정에서 확인됐다. 지역에서는 신규 확진자가 추가되지 않았다.    이날 0시 기준 코로나19 확진자 중 사망자는 누적 247명이다. 전날 1명이 사망했다.     치명률은 평균 2.29%이지만 60대에 2.60%, 70대 10.44%, 80세 이상 24.33% 등으로 고령일수록 급격히 높아진다.     완치해 격리 해제된 확진자는 전날 137명이 늘어 총 9천59명(완치율 84.2%)이 됐다. 현재 격리 치료를 받는 환자 수는 1천459명으로 134명이 줄었다.     지역별 누적 확진자 수는 대구 6천852명, 경북 1천365명, 경기 676명, 서울 633명이다.    이 밖에 충남 143명, 부산 137명, 경남 117명, 인천 93명, 강원 53명, 세종 46명, 충북 45명, 대전 40명, 광주 30명, 전북 18명, 전남 15명, 제주 13명 순이다. 검역에서는 이날까지 총 446명이 확진됐다.    성별로는 국내 확진자 중 여성이 6천413명(59.57%)으로 남성 4천352명(40.43%)보다 많다.    연령별로는 20대가 2천951명(27.42%)으로 가장 많고 50대가 1천956명(18.17%), 40대 1천427명(13.26%), 60대 1천348명(12.52%) 순이다.     지금까지 코로나19 진단 검사를 받은 사람은 총 61만9천881명이다. 이 중 60만482명이 '음성'으로 확인됐고 8천634명은 검사를 받고 있다.     방대본은 매일 오전 10시께 그날 0시 기준으로 코로나19 일별 환자 통계를 발표하고 있다. srchae@yna.co.kr▶코로나19 속보는 네이버 연합뉴스에서 [구독 클릭]▶[팩트체크] 연합뉴스가 확인한 '팩트' 이렇습니다▶제보하기",https://news.naver.com/main/read.nhn?mode=LSD&mid=sec&sid1=102&oid=001&aid=0011581558
77,2020.04.30.,더팩트,코로나19 신규 확진자 4명…모두 해외 유입,"30일 중앙방역대책본부에 따르면 코로나19 신규 확진자는 4명 늘어 모두 1만765명을 기록했다. 모두 해외 유입 사례로, 국내 지역에서는 신규 확진자가 추가되지 않았다. /이동률 기자코로나19 신규확진자 4명 늘어 모두 1만765명…지금까지 해외유입 사례 총 1065명[더팩트│성강현 기자] 국내 신종 코로나바이러스 감염증(코로나19) 확진자가 4명 늘었다.30일 중앙방역대책본부는 이날 0시 기준 국내 코로나19 확진자가 전날보다 4명 늘어나 모두 1만765명을 기록했다고 밝혔다. 사망자는 1명 늘어난 247명으로 집계됐다.신규 확진자 4명은 모두 해외 입국자로, 전부 공항 검역 과정에서 확인됐다. 지금까지 국내에서 발생한 해외유입 사례는 총 1065명이다. 지역에서는 신규 확진자가 추가되지 않았다. 국내 지역에서 신규 확진자가 발생하지 않은 것은 지난 2월 18일 이후 72일 만이다.지역별 누적 확진자는 대구가 6852명으로 가장 많다. 이어 경북 1365명, 경기 676명, 서울 633명, 충남 143명, 부산 137명, 경남 117명, 인천 93명, 강원 53명, 세종 46명, 충북 45명, 울산 43명, 대전 40명, 광주 30명, 전북 18명, 전남 15명, 제주 13명 순이다.완치해 격리 해제된 확진자는 137명이 늘어 총 9059명이 됐다. 완치율은 84.2%이다. 격리 치료자는 1459명으로 134명이 줄었다.지금까지 코로나19 진단 검사를 받은 이들은 총 61만9881명이며 60만482명이 '음성'으로 확인됐다. 8634명은 아직 진행 중이다.danke@tf.co.kr- 더팩트 뮤직어워즈는 언제? [알림받기▶]  - 내 아이돌 응원하기 [팬앤스타▶]  저작권자 ⓒ 특종에 강한 더팩트 & tf.co.kr 무단 전재 및 재배포 금지",https://news.naver.com/main/read.nhn?mode=LSD&mid=sec&sid1=102&oid=629&aid=0000024509
78,2020.04.30.,연합뉴스,"코로나19 72일만에 지역발생 '0명'…""강력한 거리두기 효과""(종합2보)","신규 확진 4명 모두 해외유입…사망자 1명 늘어 총 247명·완치 9천59명2월18일 31번 환자 발생 이후 신규환자 최저치 기록(서울=연합뉴스) 채새롬 기자 = 30일 국내 신종 코로나바이러스 감염증(코로나19) 확진자가 전날보다 4명 증가한 것으로 집계됐다.     이들 모두 해외 유입 사례로, 전국 지역에서 발생한 환자는 '0명'을 기록했다. 국내에서 지역 사회 감염 사례가 발생하지 않은 것은 2월 18일 이후 72일 만이다.육군 31사단, 코로나19 방역에 총력4월 20일 오후 광주 광산구 호남대학교에서 육군 제31보병사단 장병들이 코로나19 확산 예방을 위해 방역 소독을 하고 있다. 31사단은 이번 주말까지 225개소에서 연인원 900여명을 투입해 다중이용시설에 대한 검역 및 방역, 도시락 지원 등 다양한 작전을 펼친다. [육군 제31보병사단 제공. 연합뉴스 자료사진. 재판매 및 DB 금지]     중앙방역대책본부(방대본)는 이날 0시 기준 코로나19 확진자가 전날 0시보다 4명 늘어나 총 1만765명을 기록했다고 밝혔다.    방대본 발표일 기준으로 일일 신규 확진자 수는 18일에 18명으로 10명대로 감소한 뒤 19일부터 전날까지 11일간 6~14명을 기록하며 안정적인 추세를 이어갔다. 이날에는 4명으로 줄어 31번 환자가 발생한 2월 18일 이후 72일 만에 최저치를 기록했다.    신규 확진자 4명은 모두 해외 유입 사례로, 전부 공항 검역 과정에서 확인됐다. 지역에서는 신규 확진자가 추가되지 않았다.    방역당국은 31번째 환자 발생 이후 72일 만에 처음으로 지역사회에서 연결고리가 불분명한 확진자가 발생하지 않았다고 설명했다. 같은 달 11∼15일은 신규 확진 사례가 없었고, 16∼17일에는 확진자가 3명 추가됐지만 모두 해외 유입과의 연관성이 확인됐다.    권준욱 중앙방역대책본부 부본부장은 이날 충북 오송 질병관리본부에서 열린 정례 브리핑에서 이에 대해 ""국민들 한 분 한 분이 강력한 사회적 거리두기에 적극 참여해 주시고 일선 의료진들이 진료에 철저를 기하면서 환자관리에도 만전을 기한 덕분""이라고 평가했다.    이어 ""이른 시기에 다량의 검사가 가능했던 것도 큰 역할을 했다""며 ""개별사례를 철저히 확인하고 추적 관리하는 등 방역대책의 기본을 충실히 이행해준 일선의 지자체의 노력도 영향을 줬다""고 공을 돌렸다.    권 부본부장은 ""지역사회 감염이 줄어들고 있는 동시에 방역망 안에서 환자가 나오고 있다는 것이 긍정적인 신호인 것만은 확실하지만, 여전히 사망자들이 발생하고 있어 안타깝다""며 ""감염 연결고리에서 가장 취약한 어르신과 기저질환자를 잊어서 안 된다""고 강조했다.    그는 ""오늘을 시작으로 긴 연휴가 이어져 대응하기 어려운 며칠이 될 것 같다""며 ""몸이 조금이라도 이상하면 외출을 삼가고, 가급적 여행을 자제하시되 가야 한다면 최소 규모로 이동하고 단체 식사는 피해달라""고 당부했다.    이날 0시 기준 코로나19 확진자 중 사망자는 누적 247명이다. 전날 1명이 사망했다.     치명률은 평균 2.29%이지만 60대에 2.60%, 70대 10.44%, 80세 이상 24.33% 등으로 고령일수록 급격히 높아진다.     완치해 격리 해제된 확진자는 전날 137명이 늘어 총 9천59명(완치율 84.2%)이 됐다. 현재 격리 치료를 받는 환자 수는 1천459명으로 전날보다 134명이 줄었다.     지역별 누적 확진자 수는 대구 6천852명, 경북 1천365명, 경기 676명, 서울 633명이다.    이 밖에 충남 143명, 부산 137명, 경남 117명, 인천 93명, 강원 53명, 세종 46명, 충북 45명, 대전 40명, 광주 30명, 전북 18명, 전남 15명, 제주 13명 순이다. 검역에서는 이날까지 총 446명이 확진됐다.    성별로는 국내 확진자 중 여성이 6천413명(59.57%)으로 남성 4천352명(40.43%)보다 많다.    연령별로는 20대가 2천951명(27.42%)으로 가장 많고 50대가 1천956명(18.17%), 40대 1천427명(13.26%), 60대 1천348명(12.52%) 순이다.     지금까지 코로나19 진단 검사를 받은 사람은 총 61만9천881명이다. 이 중 60만482명이 '음성'으로 확인됐고 8천634명은 검사를 받고 있다.     방대본은 매일 오전 10시께 그날 0시 기준으로 코로나19 일별 환자 통계를 발표하고 있다. srchae@yna.co.kr▶코로나19 속보는 네이버 연합뉴스에서 [구독 클릭]▶[팩트체크] 연합뉴스가 확인한 '팩트' 이렇습니다▶제보하기",https://news.naver.com/main/read.nhn?mode=LSD&mid=sec&sid1=102&oid=001&aid=0011582122
79,2020.05.01.,서울신문,문 대통령 지지도 9주 연속 상승 ‘64%’…‘코로나 대처’ 영향,"[서울신문]긍정평가 이유 ‘코로나 대처 잘한다’ 58%민주당 43%…통합당, 19%로 ‘최저치’오스트리아 총리와 통화하는 문 대통령 - 문재인 대통령이 28일 오후 청와대 여민관에서 제바스티안 쿠르츠 오스트리아 총리와 전화 통화하고 있다. 2020.4.28 청와대 제공문재인 대통령의 국정지지도가 9주 연속 상승하며 60%대 중반으로 올랐다는 여론조사 결과가 1일 나왔다.한국갤럽이 지난달 28~29일 전국 만 18세 이상 1000명을 대상으로 조사(95% 신뢰수준에 표본오차 ±3.1% 포인트)한 결과 문 대통령의 국정지지도는 1주일 전보다 2% 포인트 오른 64%로 집계됐다.이는 2018년 10월 둘째 주(65%) 이후 1년 6개월여만에 가장 높은 수치로 9주 연속 상승세다. 부정 평가는 4% 포인트 내린 26%였다. 10%는 의견을 유보했다.연령별로는 40대(74%)와 30대(72%)에서 지지도가 70%를 넘었고, 50대(64%), 18∼29세(60%)에서도 60% 지지도를 보였다. 60대 이상에서도 긍정 평가(55%)가 부정 평가(31%)보다 높은 것으로 나타났다. 대구·경북(긍정 53%·부정 37%), 무당층(42%·33%) 등에서도 긍정 평가가 부정 평가를 앞섰다.한국갤럽은 “월 통합 기준으로 볼 때 2018년 11월부터 올해 3월까지 60대 이상, 대구·경북(TK) 지역, 무당층에서는 계속해서 대통령 직무 부정 평가가 긍정 평가를 10~40% 앞섰으나, 최근 몇 주간 그 격차가 크게 감소했다”며 “이번 주는 세 특성 모두에서 긍정률이 우세로 반전했다”고 설명했다.직무수행 긍정 평가 이유로는 코로나19 대처(58%), 전반적으로 잘한다(5%), 최선을 다함·열심히 한다(4%) 등이 꼽혔다. 코로나19 대처 응답은 12주째 긍정 평가 이유 1순위다.부정 평가 이유로는 경제·민생 문제 해결 부족(29%), 북한 관계 치중·친북성향(11%), 코로나19 대처 미흡(8%) 등이 꼽혔다.정당지지도에서는 여당인 더불어민주당이 43%로 지난주와 변동이 없었다. 미래통합당은 3% 포인트 하락한 19%로 20%선이 무너지며 출범 후 최저치를 기록했다. 통합당의 전신 자유한국당은 2019년 8월 둘째 주(18%) 이후 새로운보수당과 통합하기 전까지 20%대를 유지했었다.정의당은 변동 없이 7%였고, 국민의당은 2%포인트 상승한 5%로 나타났다. 열린민주당은 4%가 유지됐다. 지지정당이 없는 무당층은 19%로 1주 전과 같았다. 자세한 여론조사 개요 및 결과는 한국갤럽이나 중앙선거여론조사심의위원회 홈페이지를 참조하면 된다.정현용 기자 junghy77@seoul.co.kr▶ 네이버에서 서울신문 구독하기 클릭! ▶ 세상에 이런 일이 ▶ [연예계 뒷얘기] 클릭!ⓒ 서울신문(www.seoul.co.kr), 무단전재 및 재배포금지",https://news.naver.com/main/read.nhn?mode=LSD&mid=sec&sid1=100&oid=081&aid=0003087185
84,2020.05.01.,뉴스1,코로나로 출장길 막힌 기업 위해 발로 뛴 정부…신속통로 늘린다,"외교부 ""10개국 4625명에 대해 입국 완료됐거나, 주선완료""한중 예외입국 첫 제도화 성과…다른 국가들과도 협의 계속본격적인 황금연휴가 시작된 30일 오후 인천국제공항 출국장이 텅 비어 있다. 2020.4.30/뉴스1 ? News1 신웅수 기자(서울=뉴스1) 민선희 기자 = 신종 코로나바이러스 감염증(코로나19) 확산으로 세계 각국이 '빗장'을 걸어잠그면서, 기업인들의 해외 출장길도 함께 막혔다. 대외의존도가 높은 우리나라는 더욱 타격이 컸다. 이에 정부는 국제사회에 입국제한을 해제해야한다고 설득하는 한편, ""기업인 출장만이라도 예외적으로 허가해달라""며 개별 교섭을 진행해왔다. 외교부에 따르면 약 10개국 4625명에대해 입국이 완료됐거나, 허가를 받아 입국을 기다리고 있다. 특히 한국과 중국은 1일부터 기업인 입국절차를 간소화하는 '신속통로'를 시행하기로 했다. 코로나19 팬더믹(대유행) 이후 기업인 예외 입국이 제도화된 것은 이번이 처음이다.신종 코로나바이러스 감염증(코로나19) 대응으로 외국인 입국을 금지한 쿠웨이트가 우리 기업인들의 예외적 입국을 허용한 가운데 우리 기업인 100여명을 태운 임시 항공편이 11일 쿠웨이트로 출발했다.  (외교부 제공) 2020.4.11/뉴스1◇외교력 동원해 기업인 예외입국 설득…교민 수송 '일석이조'정부는 우리나라의 주요 교역국들이 코로나19 방역을 이유로 입국 제한에 나서자 기업인 예외 입국 설득에 주력했다. 문재인 대통령은 지난달 10일 한국에 입국제한 조치를 취한 국가들을 상대로 우리 기업인들의 예외적 입국을 허용할 수 있는 방안을 추진하라고 지시했다.이에 외교부는 한국 기업들의 활동이 많은 터키, 중국, 베트남, 인도, 쿠웨이트, 카타르 등 국가를 중심으로 협의에 나섰다. 코로나19 음성을 확인하는 건강증명서를 지참한 기업인에 한해 예외적 입국을 허용해달라는 식이다.국내 코로나19 상황이 진정되기 시작하면서 기업인 예외입국 성과도 속속 늘어났다. 개별 기업·프로젝트 단위로 진행되던 교섭은, 여러 기업 단위로도 이뤄지기 시작했다. 특히 기업인 입국 전세기를 통해 해외 현지에 고립된 우리 국민을 데려오는 성과도 있었다. 쿠웨이트가 대표적이다. 정부는 현대건설, 두산중공업 등 25개 국내 업체 소속 우리 기업인 100여명에 대한 예외적 입국 허가를 받았다. 동시에, 해당 전세기를 이용해 쿠웨이트 현지에 고립돼있던 우리 국민 220여명을 데려왔다. 헝가리에서도 SK이노베이션이 직원 300여명을 현지로 보내기 위해 띄운 대한항공 전세기를 통해 지난 7일 우리 국민 60여명이 귀국했다. 29일 한국과 중국 외교부 및 방역당국 등 관계부처가 참석한 가운데 '한중 코로나19 대응 방역협력 대화' 2차 화상회의가 열리고 있다. (외교부 제공) 20204.29/뉴스1 ? News1 송원영 기자◇한중 '신속통로' 첫 제도화…다른 국가들과도 제도화 협의한국과 중국은 기업인 예외입국을 간소화하는 '신속통로' 제도 시행에 합의했다. 신속통로는 한·중 간 기업 교류가 많은 Δ상하이시 Δ톈진시 Δ충칭시 Δ랴오닝성 Δ산둥성 Δ장쑤성 Δ광둥성 Δ섬서성 Δ쓰촨성 Δ안후이성 10개지역에서 이날부터 시행된다.우리 기업인이 신속통로로 중국에 입국하려면, 먼저 중국 내 기업이 지방정부에 신청해 초청장을 발급받고, 이를 바탕으로 주한중국대사관이나 영사관에서 비자를 받아야한다. 이후 입출국시 특별방역절차에 따라 코로나19 음성판정을 받으면, 기업인은 2주 격리 없이 바로 경제활동을 할 수 있다.지금까지 교섭이 개별 기업·프로젝트에 대해 허가하는 식으로 이뤄진 탓에 중소·중견기업이 배제됐었는데, 보다 많은 우리 기업인들의 중국 내 경제활동이 보장될 수 있을 것으로 보인다. 코트라(KOTRA)에 따르면 4~5월 중국으로의 입국을 원한 한국 기업인은 1521명으로 조사됐다.정부는 이번 한중 신속통로 합의를 시작으로, 다른 국가들과도 제도화 협의에 나선다는 계획이다. 이태호 외교부 2차관은 ""신속통로 신설은 우리 정부의 적극적인 방역조치로 국내 코로나 상황이 안정화됨에 따라 이르게 된 결과로, 이제 첫 걸음""이라며 ""코로나19 상황 하에서 우리 기업인들의 해외활동을 지원하기 위해 최선의 노력을 할 것""이라고 밝혔다.minssun@news1.kr▶ 네이버 메인에서 [뉴스1] 구독하기!▶  뉴스1 바로가기 ▶  코로나19 뉴스 ? 뉴스1코리아(news1.kr), 무단 전재 및 재배포 금지",https://news.naver.com/main/read.nhn?mode=LSD&mid=sec&sid1=100&oid=421&aid=0004615963
86,2020.04.30.,연합뉴스,"렘데시비르, 코로나 입원환자 회복 단축…FDA, 긴급승인 계획(종합2보)","파우치 ""회복기간 줄이는데 분명하고 유의미한 효과""…트럼프도 ""아주 긍정적""입원환자 첫 대규모 임상시험…""사망률에선 통계적으로 의미 있는 결과 못 내"" 렘데시비르[AFP=연합뉴스]    (워싱턴=연합뉴스) 백나리 특파원 = 신종 코로나바이러스 감염증(코로나19) 치료제로 기대를 모은 에볼라 치료제 렘데시비르가 초기 임상시험에서 코로나19로 입원한 환자의 회복 기간을 31% 단축한 것으로 전해졌다.     도널드 트럼프 미 대통령뿐만 아니라 앤서니 파우치 국립알레르기·전염병연구소(NIAID) 소장도 임상시험 결과를 치켜세우면서 미국에서는 렘데시비르의 활약에 대한 기대감이 커지는 분위기다. 미 식품의약국(FDA)은 렘데시비르에 긴급사용승인을 할 계획인 것으로 전해졌다.     파우치 소장은 29일(현지시간) 백악관에서 취재진과 만나 렘데시비르로 코로나19 입원환자를 치료할 경우 그렇지 않은 경우보다 회복에 걸리는 기간이 31% 줄어든다는 연구 결과를 얻었다며 ""꽤 좋은 소식""이라고 말했다.    그는 이어 ""31%는 100% 같진 않아 보이지만 아주 중요한 결과다. 이 바이러스를 치료제가 막을 수 있다는 게 입증된 것이고 (입원환자의) 표준치료가 될 것""이라고 강조했다.     그러면서 ""데이터는 렘데시비르가 회복 기간을 줄이는 데 분명하고 상당한 의미가 있고 긍정적인 효과가 있다는 걸 보여준다""고 강조했다.     동석한 트럼프 대통령도 ""분명히 긍정적이다. 아주 긍정적인 일""이라고 치켜세웠다.    뉴욕타임스(NYT)는 미 행정부 고위 당국자를 인용, FDA가 이르면 이날 렘데시비르에 대한 긴급사용승인을 발표할 것이라고 전했다.     긴급사용승인이 내려지면 공식 승인이 나기 전에 의사들이 코로나19 환자 치료에 렘데시비르를 사용할 수 있다.    트럼프 대통령도 취재진의 질의에 FDA가 아주 빨리 승인을 하길 바란다고 말했다. 렘데시비르[AP=연합뉴스]    연구는 미국을 포함해 전 세계 68개 지역의 1천여 코로나19 환자를 대상으로 이뤄진 것으로 전해졌다. 이번 연구는 렘데시비르가 코로나19에 효과가 있는지 대규모로, 그리고 무작위로 진행된 첫 임상연구의 결과라고 WP는 전했다.     2월부터 시작돼 입원환자에게만 정맥주사로 렘데시비르를 투여하는 방식으로 진행됐다. 렘데시비르는 환자 중 80%를 차지하는 것으로 추정되는 대다수의 비입원 환자를 위한 것은 아니라고 WP는 설명했다.     그러나 사망률의 경우 렘데시비르를 투여한 입원환자가 8%, 그렇지 않은 입원환자가 11%를 보여 통계적으로 의미를 가질 정도는 아니었다고 파우치 소장은 설명했다.     미 캘리포니아주 스크립스 연구소의 에릭 토폴 국장은 WP에 ""돌파구 같은 약은 아니고 좋은 결과와 나쁜 결과가 뒤섞여 있다""면서도 ""좋은 시작이다. 효험이 있고 안전하다""고 평가했다.     WP는 렘데시비르가 많은 이들이 기대해온 특효약에는 미치지 못했지만 일부 환자를 위한 방안이 마련됐다는 기대를 키웠다고 평했다.    이어 환자들의 회복 속도가 빨라지고 입원 기간이 줄어들면 보건시스템의 부담이 줄어들고 경제 정상화가 추진되는 와중에 기업과 당국에 자신감을 부여할 수 있다고 덧붙였다.     렘데시비르는 관련 소식은 이날 오전 제약사 길리어드사이언스가 ""NIAID가 렘데시비르를 상대로 실시한 코로나19 치료제 연구에서 긍정적 데이터가 나온 것을 알고 있다""고 밝히면서 알려졌다. 치료제에 대한 기대감 속에 뉴욕증시도 상승했다.    길리어드사이언스는 렘데시비르 생산량을 크게 늘려 5월 말까지 150만개가 생산될 것으로 예상하고 있다고 밝혔다고 WP는 전했다. 이는 14만여 환자에게 투여할 수 있는 분량이라고 한다.      NYT는 렘데시비르가 어떤 질병의 치료에도 승인된 적이 없으며 에볼라 치료제로 개발되기는 했으나 아프리카에서의 임상시험 결과가 실망스러운 수준이었다고 설명하기도 했다.    WP는 이전의 시험 결과에 따르면 렘데시비르는 신장기능을 잃거나 혈압이 떨어지는 등의 심각한 부작용이 있을 수 있으며 이는 심각한 코로나19 환자에게서도 나타나는 증상이어서 병 때문인지 약 때문인지 구분하기 어려울 수도 있다고 지적했다.    당초 에볼라 치료제로 개발된 렘데시비르는 현재 진행 중인 코로나19 치료제 중 임상 개발 단계가 가장 앞서 있는 것으로 평가돼 결과가 주목돼 왔다.     nari@yna.co.kr▶코로나19 속보는 네이버 연합뉴스에서 [구독 클릭]▶[팩트체크] 연합뉴스가 확인한 '팩트' 이렇습니다▶제보하기",https://news.naver.com/main/read.nhn?mode=LSD&mid=sec&sid1=104&oid=001&aid=0011581370
90,2020.04.30.,연합뉴스,"코로나19, 글로벌 공급망 구조 변화 촉진…유턴 활성화해야","산업연구원 ""국가별 생산·교역 정체가 글로벌 충격 야기""코로나19로 재편되는 글로벌 가치사슬 (CG)[연합뉴스TV 제공]    (서울=연합뉴스) 고은지 기자 = 신종 코로나바이러스 감염증(코로나19)으로 인한 단기적 조달 위험은 제한적이나 장기적으로는 이번 사태가 글로벌 공급망의 구조 변화를 촉진할 수 있다는 전망이 나왔다.    산업연구원은 30일 내놓은 '코로나19가 글로벌 공급망에 미치는 영향과 대응 방안' 보고서에서 ""코로나19로 인한 국가별 생산과 교역에서의 정체는 글로벌 가치사슬을 통해 파급·전이되면서 글로벌 산업·경제에 충격을 가져오고 있다""고 지적했다.    보고서는 ""그동안 글로벌 공급망 구축과 생산거점의 배치에서는 시장 접근성과 비용 절감이 주요 요인으로 작용했으나 코로나19 사태로 감염병에 의한 생물학적 위험과 이동 제약 가능성이 새로운 요인으로 등장했다""고 설명했다.    전 세계적인 코로나19 확산에도 국내 주요 산업 내에서 글로벌 공급망과 관련된 생산 차질은 아직 제한적이다.    중국, 일본으로부터의 조달은 일부 통관·물류 차질 이외에는 원활한 편이고, 국경 이동 제한, 사회적 격리 등에 따라 핵심 부품·소재·장비의 수입에 일부 차질이 있으나 심각한 상황으로 전개되진 않을 것으로 예상된다.     다만 코로나19 팬데믹(세계적 대유행)으로 주요 제조업은 수요 위축에 따른 피해가 발생할 수 있다.    보고서는 이번 사태가 하반기까지 지속하면 자동차, 조선, 기계, 철강, 화학 등 기간산업 전반에서 수요가 5%포인트 이상 감소할 것으로 추산했다.    특히 자동차, 조선, 석유화학, 디스플레이 산업은 수요 감소와 가격 하락이 겹쳐 수출액이 큰 폭으로 감소할 수 있다고 봤다.    이외에도 소재·부품 해외조달 차질과 세계적 수요 위축 등으로 주력산업 대부분의 국내 생산 감소가 불가피하다.    코로나19가 안정화된 이후에도 글로벌 네트워크의 불확실성을 회피하기 위한 움직임은 계속 이뤄질 것으로 보인다.    이미 공급원의 탈중국과 맞물려 베트남, 말레이시아, 인도네시아, 태국 등 신남방 지역이 글로벌 가치사슬의 확장에서 새로운 프런티어로 부상하고 있다.    여기에 자국 내 조달과 생산 기반을 다져야 할 중요성이 부각되면서 제조업 생산의 리쇼어링(제조업체의 국내 귀환)이 촉진될 수 있다.    보고서는 ""단기적으로는 산업 생태계 피해 최소화를 위해 세제 혜택, 유동성 확대로 기업의 흑자도산을 방지하고, 글로벌 수요위축 감소분을 보완하기 위한 내수를 창출함과 동시에 글로벌 이동성 복원을 위한 신속한 통관과 해외 마케팅 지원이 필요하다""고 조언했다.    이어 ""장기적으로는 제조 공장의 유턴 지원 강화 등으로 국내 생산기반을 확충해 글로벌 공급망 확대의 위험성을 제어하고 스마트 제조화와 공급사슬 구조개선을 통해 국내 산업생태계의 강건성과 복원력을 향상할 필요가 있다""고 강조했다.코로나19가 주요 산업별 조달에 미치는 영향[산업연구원 제공]    eun@yna.co.kr▶코로나19 속보는 네이버 연합뉴스에서 [구독 클릭]▶[팩트체크] 연합뉴스가 확인한 '팩트' 이렇습니다▶제보하기",https://news.naver.com/main/read.nhn?mode=LSD&mid=sec&sid1=101&oid=001&aid=0011582096
99,2020.05.01.,뉴시스,"성남시, 빅데이터 기술로 ‘코로나19’ 대응","유동인구 5분마다 업데이트…핀포인트 방역 성남시청.[성남=뉴시스] 이준구 기자 = 경기 성남시는 신종 코로나바이러스 감염증(코로나19)을 효율적으로 대응하기 위해 빅데이터 기반 실시간 유동 인구 분석 기술을 도입했다고 1일 밝혔다.시는 이를 위해 SK텔레콤과 협업해 성남시 ‘행정데이터 공유·활용 시스템’에 유동인구 분석 서비스를 접목했다. 이 기술은 휴대폰과 기지국 정보를 활용해 성남지역 어느 장소에 사람이 성별, 연령별로 얼마나 몰리고 이동하는지 등의 정보를 5분마다 업데이트한다.실시간 현재 인구가 많이 몰린 곳은 짙은 빨간색으로 표시하고, 최근 3시간 동안 인구가 가장 많이 증가한 곳은 짙은 초록색으로 시각화해 보여준다.개인을 특정할 수 있는 데이터가 아니어서 개인정보 침해 우려는 없다.성남시는 이 서비스를 활용해 인구 밀집도가 높은 지역을 중심으로 방역 대책을 마련하고 소독 경로를 잡아 ‘핀포인트(정밀 조준점)’ 방역을 시행한다. 사회적 거리두기 완화로 각종 시설 개방이나 행사가 개최돼 평소와 다른 유동인구 데이터를 보이는 곳은 현장을 방문해 생활 속 거리두기 등 정부 지침을 알리고, 집단 감염 발생 요인도 선제 차단한다. 빅데이터 기술은 코로나19 극복을 위한 민생안정 종합대책 마련에도 활용한다. 골목 단위 유동인구와 상권분석, 카드사 매출 데이터 분석을 통해 사회안전망 사각지대에 놓인 점포 상인을 발굴·지원하고 골목상권 공동마케팅을 지원하는 방식이다.이남석 정책기획과장은 “실시간 유동인구 분석 서비스를 결합한 행정데이터 공유·활용 시스템은 시민을 위한 정책 수립의 과학적 근거 자료가 돼 행정서비스에 관한 체감도를 더욱 높이게 될 것”이라고 말했다. 지난 1월 성남시가 구축한 행정데이터 공유·활용 시스템에는 주민등록인구, 민원, 재·세정의 3개 분야 공공 정보와 카드사 매출 정보, 이동통신사 유동인구 정보의 2개 분야 민간정보가 담겼다. 실시간 현재 인구가 많이 몰린 곳은 짙은 빨간색으로 표시됐다.☞공감언론 뉴시스 lpkk12088@hanmail.net▶ 네이버에서 뉴시스TV 구독하기▶ K-Artprice, 유명 미술작품 가격 공개▶ 뉴시스 빅데이터 MSI 주가시세표 바로가기 <ⓒ 공감언론 뉴시스통신사. 무단전재-재배포 금지>",https://news.naver.com/main/read.nhn?mode=LSD&mid=sec&sid1=102&oid=003&aid=0009842515
100,2020.05.01.,연합뉴스,"성남시, '실시간 유동인구 빅데이터'로 코로나19 방역","(성남=연합뉴스) 최찬흥 기자 = 경기 성남시는 신종 코로나바이러스 감염증(코로나19)의 효율적 방역을 위해 '빅데이터 기반 실시간 유동인구 분석 기술'을 도입했다고 1일 밝혔다.빅데이터 기반 유동인구 분석  사람들이 몰린 지점이 빨간색으로 표시되고 있다. [성남시 제공. 재판매 및 DB 금지]    시가 SK텔레콤과 협업한 이 기술은 휴대전화와 기지국 정보를 활용해 어느 장소에 사람이 많이 모이는지를 색깔별로 표시하고 5분마다 정보를 업데이트한다.    성남시 전역을 2천500㎡씩 나눠 10개 색깔 등급으로 표시하는데 사람들이 적은 곳은 파란색, 많은 곳은 빨간색으로 시각화해 보여준다.    최근 3시간 동안 인구가 많이 증가한 곳은 초록색으로 나타낸다.    성별, 연령별 정보도 제공하지만, 개인을 특정할 수는 없어 개인정보 침해 우려는 없다.    시는 이 기술을 활용해 인구 밀집도가 높은 지역을 중심으로 코로나19 방역 대책을 마련하고 소독 경로를 잡게 된다.    시 관계자는 ""유동인구 분석기술을 이용해 평소와 다른 유동인구 데이터를 보이는 곳은 현장을 방문해 생활 속 거리 두기 등 정부 지침을 알리고 집단감염 발생 요인도 선제적으로 차단할 계획""이라고 말했다.    chan@yna.co.kr▶코로나19 속보는 네이버 연합뉴스에서 [구독 클릭]▶[팩트체크] 연합뉴스가 확인한 '팩트' 이렇습니다▶제보하기",https://news.naver.com/main/read.nhn?mode=LSD&mid=sec&sid1=102&oid=001&aid=0011582934
101,2020.05.01.,eTimesinternet Co,"성남시, 빅데이터 기술로 '코로나19' 효율 대응","실시간 현재 인구가 많이 몰린 곳은 짙은 빨간색으로 표시된다.성남시는 코로나19를 효율적으로 대응하기 위해 빅데이터 기반 실시간 유동 인구 분석 기술을 도입했다고 1일 밝혔다.이를 위해 SK텔레콤과 협업해 성남시 '행정데이터 공유·활용 시스템'에 유동인구 분석 서비스를 접목했다. 이 기술은 휴대폰과 기지국 정보를 활용해 성남지역 어느 장소에 사람이 성별, 연령별로 얼마나 몰리고 이동하는지 등의 정보를 5분마다 업데이트한다.실시간 현재 인구가 많이 몰린 곳은 짙은 빨간색으로 표시하고, 최근 3시간 동안 인구가 가장 많이 증가한 곳은 짙은 초록색으로 시각화해 보여준다. 개인을 특정할 수 있는 데이터가 아니어서 개인정보 침해 우려는 없다.성남시는 이 서비스를 활용해 인구 밀집도가 높은 지역을 중심으로 방역 대책을 마련하고 소독 경로를 잡아 '핀포인트(정밀 조준점)' 방역을 시행한다.최근 3시간 동안 인구가 가장 많이 증가한 곳은 짙은 초록색으로 표시된다.사회적 거리두기 완화로 각종 시설 개방이나 행사가 개최돼 평소와 다른 유동인구 데이터를 보이는 곳은 현장을 방문해 생활 속 거리두기 등 정부 지침을 알리고, 집단 감염 발생 요인을 선제 차단한다.코로나19 극복을 위한 민생안정 종합대책 마련에도 활용한다. 골목 단위 유동인구와 상권분석, 카드사 매출 데이터 분석을 통해 사회안전망 사각지대에 놓인 점포 상인을 발굴·지원하고 골목상권 공동마케팅을 지원하는 방식이다.성남시 정책기획과 관계자는 “실시간 유동인구 분석 서비스를 결합한 행정데이터 공유·활용 시스템은 시민을 위한 정책 수립의 과학적 근거 자료가 돼 행정서비스에 관한 체감도를 더욱 높이게 될 것”이라고 말했다.지난 1월 성남시가 구축한 행정데이터 공유·활용 시스템에는 주민등록인구, 민원, 재·세정 3개 분야 공공 정보와 카드사 매출 정보, 이동통신사 유동인구 정보의 2개 분야 민간정보가 담겼다.김정희기자 jhakim@etnews.com▶ 네이버 홈에서 [전자신문] 구독하기▶ 전자신문 바로가기 [Copyright ⓒ 전자신문 & 전자신문인터넷, 무단전재 및 재배포 금지]",https://news.naver.com/main/read.nhn?mode=LSD&mid=sec&sid1=101&oid=030&aid=0002880759
102,2020.05.01.,KBS,"성남시, ‘빅데이터 실시간 유동인구’ 분석해 코로나19 방역","경기 성남시는 코로나19의 효율적 방역을 위해 '빅데이터 기반 실시간 유동인구 분석 기술'을 도입했다고 오늘(1일) 밝혔습니다. 시가 SK텔레콤과 협업한 이 기술은 휴대전화와 기지국 정보를 활용해 어느 장소에 사람이 많이 모이는지를 색깔별로 표시하고 5분마다 정보를 업데이트합니다. 성남시 전역을 2천500㎡씩 나눠 10개 색깔 등급으로 표시하는데 사람들이 적은 곳은 파란색, 많은 곳은 빨간색으로 시각화해 보여줍니다. 최근 3시간 동안 인구가 많이 증가한 곳은 초록색으로 나타내고 성별, 연령별 정보도 제공하지만, 개인을 특정하진 않습니다. 시는 이 기술을 활용해 인구 밀집도가 높은 지역을 중심으로 코로나19 방역 대책을 마련하고 소독 경로를 잡게 됩니다. 시 관계자는 ""유동인구 분석기술을 이용해 평소와 다른 유동인구 데이터를 보이는 곳은 현장을 방문해 생활 속 거리 두기 등 정부 지침을 알리고 집단감염 발생 요인도 선제적으로 차단할 계획""이라고 설명했습니다.[사진 출처 : 성남시 제공]▶ ‘ 코로나19 확산 우려’ 최신 기사 보기http://news.kbs.co.kr/news/list.do?icd=19588이승재 기자 (sjl@kbs.co.kr)▶ ‘코로나19 팩트체크’ 제대로 알아야 이긴다▶ 우리 동네 무슨 일이? KBS지역뉴스▶ 더 빠르고 정확한 소식을 원하시면 KBS뉴스 구독!",https://news.naver.com/main/read.nhn?mode=LSD&mid=sec&sid1=102&oid=056&aid=0010828395
103,2020.05.01.,조선일보,코로나 격리 외로움 달래주는 페루 국가 대표 술은?,"1. 잉카콜라 / 2. 페루의 3대 맥주 / 3. 쿠스케냐 맥주의 4종류 / 4. 치차모라다코로나19로 강제적인 사회격리가 계속되는 가운데 그나마 위로가 되는 것은 페루의 다양한 음료와 술이다. 술에 관한 책을 여러 권 펴낸 필자로서는 페루 어학연수를 결정하고부터 이곳의 술 문화에 대한 기대로 부풀어 있었다.     페루에 도착하면 누구든 두 가지 음료수를 모르고 지나칠 수는 없다. 하나는 치차모라다(chicha morada)이다. 안데스산맥 원산의 자색 옥수수를 주재료로 한 음료수인데 자색 옥수수는 수퍼푸드의 리스트에도 자주 오르내리는 식품이다. 치차모라다를 만드는 방법은 먼저 자색 옥수수에 파인애플 껍질과 멤브리요(과일의 일종) 조각을 넣은 뒤 향신료로 약간의 계피와 정향나무 꽃의 마른 꽃봉오리를 첨가한다. 그리고 충분히 끓인 뒤 걸러서 식힌다. 취향에 따라 적당량의 설탕과 레몬 등을 첨가해주면 된다.    치차모라다는 페루의 국민 음료수라고 불릴 만하다. 국가비상사태 전 어학원 수업을 마치고 점심식사를 하기 위해 인근 식당에 들렀다. 식전 음료로 한 잔에 6솔(2100원) 하는 치차모라다를 시켰다. 이어 나온 음식을 먹으면서 문득 주위를 보니 식당 안 손님들이 모두 치차모라다 한 잔씩을 앞에 놓고 있는 것이 아닌가! 어떤 슈퍼마켓을 가도 눈에 띄는 장소에 치차모라다가 적지 않은 공간을 차지하고 있다.    두 번째 페루의 대표 음료수는 최근 우리나라 여행객들 사이에서 유명세를 떨치고 있는 잉카콜라다. 도발적인 노란색에 대한 궁금증으로 페루를 방문하는 여행객들에게는 반드시 맛봐야 할 음식 리스트에서 빠지지 않는다. 맛은 우리나라의 미란다와 비슷하다는 사람도 있고, 사이다에 비타500을 탄 것 같다는 사람도 있다. 잉카콜라는 1935년 한 영국계 이민자(Joseph Robinson Lindley)가 만들어 리마 남쪽 지역인 이카(Ica)에서 처음 판매했다고 한다. 세계적으로 코카콜라의 판매량을 능가하는 제품 중 하나로 꼽힌다. 다른 하나는 스코틀랜드의 아이른브루(Irn-Bru)이다. 결국 코카콜라 측은 1999년 당시 3억달러를 들여 잉카콜라를 사들였다.페루 국가대표 술은?    술에 관한 이야기도 빠뜨릴 수 없겠다. 주류계는 국가대표급인 포도 증류주 피스코를 중심으로 맥주, 와인이 다양하게 있다. 지역 특산 맥주가 많지만 쿠스케냐(Cusque?a), 필센카야오(Pilsen Callao), 크리스탈(Cristal)이 페루의 3대 맥주라고 보면 된다. 여행객들이 가장 많이 접하는 것도 단연 이들이다. 3가지 맥주를 포함해 페루 내 판매량이 높은 7가지 맥주는 모두 ‘바쿠스(Bakus)’라는 대형 양조그룹에 속해 있다.    이 3대 맥주 중에서도 필자가 꼽는 최고는 단연 쿠스케냐이다. 쿠스코맥주라는 뜻의 쿠스케냐는 ‘도라다(dorada·황금색 맥주)’ ‘로하(roja·붉은색 맥주)’ ‘네그라(negra·흑맥주)’ ‘트리고(trigo·밀맥주)’ 네 종류가 있다. 이 중 ‘도라다’가 가장 보편적이고 인기가 많다. 100% 보리만 사용하며 사스(SAAZ) 홉을 사용해 깊은 풍미가 있는 라거맥주이다. 반면 필센카야오와 크리스탈은 가벼운 풍미의 라거맥주로 아메리칸라거와 비슷하다. 대중적인 맛으로 페루 국민들의 많은 사랑을 받고 있다.    맥주가 나름대로 경쟁력을 갖추고 있는 데 비해 페루의 와인은 이웃 국가 칠레와 아르헨티나보다 초라한 위치에 있다. 여기에는 여러 가지 이유가 거론되고 있지만, 필자가 보기에는 칠레나 아르헨티나의 경우 와인에 대해 강한 애착을 가지고 있는 유럽계 이민자들의 적극적인 개척정신이 있었던 데 반해, 원주민이나 메스티소 문화가 상대적으로 강한 페루에서는 와인에 대한 열정이 부족했던 이유가 크다고 생각한다. 그렇다고 페루의 와인 산업이 아주 떨어지는 것은 아니다. 리마 남쪽에 위치한 이카주를 중심으로 한 와인 생산은 세계적인 포도 품종들을 사용해 대내외적으로 어느 정도 존재감이 있다.    그중 상당히 재미있는 종류의 와인이 있다. 바로 ‘보르고냐’라는 포도 품종으로 만든 ‘세미세코(semi seco)’ 형태의 와인이다. 영어로 ‘세미드라이(semi dry)’에 해당하는 이 와인은 단맛이 상당히 강해 코르크를 여는 순간부터 달짝한 향이 코에 느껴질 정도다. 때문에 일부 와인 비평가들은 “진정한 와인으로 부르기 민망하다”는 혹평을 하기도 하나, 페루 내에서는 와인 소비량의 절반을 차지할 정도로 인기가 있다. 보통 1만원대에서 시작하는 일반 와인에 비해 5000~7000원 정도로 저렴하다. 아마 저렴한 가격이 인기를 끄는 데 큰 몫을 하는 것으로 보인다. ‘보르고냐’라는 포도 품종은 국제적으로는 ‘이사벨라’라는 이름으로 통한다. 다만 페루에서는 유명한 프랑스의 와인 산지인 ‘부르고뉴’를 뜻하는 ‘보르고냐’로 불리고 있다.    마지막으로 피스코는 포도로 만든 브랜디의 일종인데, 오늘날 페루가 내세우는 국가대표 술 중 하나다. 특히 피스코 사워나 칠카노와 같은 피스코 베이스의 칵테일은 세계적으로도 유명하다. 피스코에 대해서는 워낙 이야깃거리가 많기 때문에 기회가 되면 따로 언급을 하기로 하고, 여기서는 종류에 관해 잠시 소개하기로 한다.     피스코는 우리가 와인에서 흔히 볼 수 있는 포도 품종과는 완전히 다른 품종을 사용한다. 모두 8종류의 포도 품종을 사용하는데 특유의 향이 있는 방향성 4품종과 비방향성 품종 4가지로 나뉜다. 비방향성 품종에는 퀘브란타(Quebranta)를 필두로 네그라 크리오야(Negra Criolla), 모야르(Mollar), 우비나(Uvina)가 있고, 방향성 품종은 이탈리아(Italia), 토론텔(Torontel), 모스카텔(Moscatel), 알비야(Albilla) 4종류가 있다. 이들 포도 품종 중 하나만을 사용하여 피스코를 만들면 ‘푸로(puro)’라고 하고, 두 개 이상의 품종을 섞어서 만들면 ‘아촐라도(acholado)’라고 부른다. 발효 과정을 의도적으로 일찍 끝낸 뒤 그 발효액을 증류해서 얻는 피스코는 특별히 ‘모스토 베르데(mosto verde)’라고 부른다. 푸로 제품으로는 비방향성 포도 중 퀘브란타가 유일하게 사용된다. 가장 대중적이고 인기가 많다. 방향성 제품은 ‘이탈리아’ 품종을 많이 사용하지만 나머지 3가지 품종도 다 ‘푸로’로 만들 수 있다. 이 중에서 필자가 가장 좋아하는 것은 ‘이탈리아’ 품종이다.지난 3월 7일 에콰도르 과야킬의 이구아나공원에서 찍은 사진. 가족 단위 나들이객들의 표정이 평화롭다.  어학연수 7주째 나름대로 선방    피스코 한잔의 위로와 함께 어학연수 7주째에 접어들고 있다. 코로나19로 인한 국가비상사태에도 불구하고 선방하고 있다. 현지에 와서까지 기본문법 공부로 시간을 낭비하지 않겠다는 목표는 잘 지켜지고 있다. 그동안 수업 시간에 다룬 주제만 해도 음식, 지역, 자연환경, 동물, 고대문명, 페루 독립운동 영웅 등 다양했고 이번주는 잉카문명에 대한 공부를 하고 있다. 모든 것이 스페인어로 이루어지기 때문에 관련 어휘들을 폭넓게 접하고 있다.    지난 3월 2일 인천공항을 떠나 리마로 향할 때만 해도, 주위에서는 코로나19를 걱정할 필요 없는 곳으로 휴가여행을 떠난다고 부러워했다. 이곳에서 코로나19에 관한 글을 이렇게 열심히 써댈 것이라고는 상상도 못 했다.    지난 3월 8일 리마 도착 당시 페루에서는 이틀 전 첫 확진자가 발생한 상태였다. 전체적인 분위기는 평온했다. 필자가 한국에서 온 것을 아는 사람들은 넌지시 한국의 상황을 물어보는 정도였다. 필자도 모처럼 마스크 스트레스 없이 사람들과 접촉하고 식당에서 현지 음식을 즐겼다. 그런데 그로부터 불과 일주일 후인 3월 15일, 확진자가 70명을 넘으면서 국가비상사태가 선언됐고, 4월 15일 현재 확진자 수는 한국을 넘어섰다. 중남미 전체에서 브라질에 이어 두 번째로 확진자 수가 많다. 그렇지만 페루 국민들은 두 가지 점에서 스스로 위로하고 있는 것으로 보인다. 첫째는 비상사태 선언과 강제적 사회격리 조처가 없었다면 지금 상황보다 훨씬 더 심각했을 것이라는 위안이고, 두 번째는 남미 내의 웬만한 국가들보다 검사도 많이 하고 검사 결과를 솔직하게 발표하고 있다는 것이다. 4월 19일 통계에 의하면 페루 인구 1만명당 검사 횟수는 4360명에 이른다. 브라질 296명, 멕시코 381명, 에콰도르 1803명인 것과 비교하면 틀린 말도 아니다.    환자가 급증하는 가운데 페루 정부가 가장 신경 쓰고 있는 것은 인공호흡기 확보이다. 페루는 의료 분야 투자가 빈약하다. 초기에 비상사태 선언을 한 것도 다른 라틴아메리카 국가들에 비해 의료 시스템이 열악하기 때문이다. 국민들은 그 원인을 이전 4명의 대통령이 전부 부정부패에 연루되어 불명예 퇴진을 했을 정도로 정치 부패가 심각했기 때문으로 돌리고 있다. 현재 페루 정부의 인공호흡기 긴급대책은 3단계로 생각해볼 수 있다. 1 단계는 국내에서 가능한 인공호흡기 자원 총동원령이다. 이렇게 확보한 것이 총 504대이다. 2단계는 외국에서 수입하는 것이다. 그러나 수요 폭증으로 가격이 천정부지로 솟은 탓에 열악한 재정의 페루 정부가 감당하는 것이 쉽지 않다. 그나마 중국 측과 계약이 체결돼 500대를 수입 발주하게 됐다는 소식이 들렸다. 문제는 5월 말이 돼서야 페루에 도착한다는 것이다. 3단계는 자체 생산이다. 페루 정부가 가장 힘을 쏟고 있는 부문이다. 현재 해군 의료기관과 대학연구소 두 곳에 개발을 의뢰해 진행 중에 있다. 마르틴 비스카라 페루 대통령이 개발 독려 차원에서 보건부 장관을 대동하고 대학연구팀(Pontificia Universidad Catolica)을 방문하는 모습이 언론에 소개되기도 했다. 대통령은 연구팀에 “5월부터 매일 10대씩 인공호흡기를 생산할 수 있으면 좋겠다”는 희망을 피력하였으나, 방송에 소개된 인공호흡기가 필자의 눈에는 꽤 조악해 보여 걱정이 앞섰다. 인공호흡기는 생명과 직결된 의료기기이기 때문에 안전장치가 조금이라도 잘못되면 오히려 환자의 상태가 더 악화되는 경우도 생기기 때문이다. 또 기계만 있다고 해결되는 것이 아니다. 이를 운용할 수 있는 인적 자원의 확보 역시 단시간에 해결할 수 있는 문제가 아니다.    대통령은 기자회견을 통해 3차 국가비상사태 체제와 강제적 사회격리가 끝나는 4월 27일 이후로는 점진적으로 사회활동 재개를 진행할 것이라고 발표했다. 그러나 대부분 전문가들은 스포츠 경기, 콘서트, 극장 등 대중이 모이는 행사는 연말까지 재개가 어려울 것으로 전망하고 있다.페루 비스카라 대통령의 인공호흡기 개발 현장 방문 모습.  돌아갈 항공편 걱정이 슬슬    필자에게 가장 중요한 것은 국제 비행 편의 재개 시점이다. 현재 발표로는 모든 것이 불확실한 상태다. 다만 조속한 재개가 어렵다는 것은 확실해 보인다. 5월 말로 예정된 어학연수까지는 시간 여유가 있긴 하지만 일단 대사관에 문의해 보았다. 대사관 측은 명확한 답을 할 수는 없는데, 부정기적으로 각국에서 운용하고 있는 자국민 복귀 비행편의 잉여 좌석 정보를 대사관끼리 공유해 도움을 주고 있다는 답변이었다. 일단 대사관에 인적 사항을 등록하고 관련 정보를 살펴보니 눈에 띄는 뉴스들이 있었다.    페루 대만대표부에서 자국민을 위해 쿠스코(옛 잉카의 수도이자 마추픽추로 가는 관문 도시)~리마 간의 임시항공편을 계획하고 있는데, 이때 쿠스코에 발이 묶인 한국인 탑승이 가능하도록 노력하고 있으니 이메일을 통해 수요 조사에 응해달라는 내용이었다. 페루에서 외국으로 통하는 모든 항공편은 수도 리마에서 출발하고 있다. 국내 도시 간 이동이 금지된 상황이기 때문에 어떻게든 리마로 나와야 한다. 리마로의 이동이 일단 중요할 수밖에 없다. 그런데 한국 여행객 중 한 명이 블로그로 전한 소식을 보니, 페루 정부의 허가를 받지 못하고 항공편이 취소됐다는 대사관의 통보를 받았다고 한다. “한곳에 모여 있어야 한다”는 페루 정부의 지침에 따라 한국 여행객끼리 단톡방까지 만들고 항공편을 기다리고 있었던 모양인데 실망이 얼마나 클지 짐작이 됐다.    지난 4월 16일에는 에콰도르에 관한 기사가 눈에 들어왔다. 에콰도르는 페루와 북쪽 국경을 마주하고 있는 우방국가인 데다 이번 코로나19 사태로 그 어느 국가보다도 참담한 피해를 겪고 있는 곳이기 때문에 줄곧 페루 국민들의 관심의 대상이다. 기사의 내용은 코로나19가 창궐한 중심도시인 과야킬이 포함된 과야스(Guayas)주의 통계 발표로, 지난 4월 1일에서 15일까지 보름간 총 6703명의 사망자가 등록되었다는 것이다. 과거 이곳의 한 달 평균 사망자 수가 2000명(보름이면 1000명) 정도였다는 것을 감안하면 6배 가까이 사망자 수가 늘었다는 것이다. 이날 에콰도르 정부가 공식 발표한 코로나19 사망자 수는 전국을 통해 불과 403명이었다.    한편 페루에서는 며칠 사이 하루 신규 환자가 1000명 전후로 증가하면서 4월 18일 확진자 수는 1만4420명, 사망자 수는 348명에 달했다. 페루 정부와 국민들은 조기에 사회격리만 시행하면 확진자 수가 눈에 띄게 줄어들 것으로 예상했지만 현재 상황은 기대에 전혀 미치지 못하고 있다. 애초 확진자 수가 5000~6000명 정도에서 정점을 기록할 것이라고 예상했지만 이미 3배를 넘어섰다. 여러 분석이 진행되고는 있지만 사회격리에 대한 국민들의 실망과 회의가 커지면 커질수록 정부의 고민도 깊어질 수밖에 없다.리마= 글·사진 김원곤 서울대 흉부외과 명예교수  - Copyrights ⓒ 조선뉴스프레스 - 주간조선, 무단 전재 및 재배포 금지 -",https://news.naver.com/main/read.nhn?mode=LSD&mid=sec&sid1=103&oid=053&aid=0000027340
107,2020.04.30.,연합뉴스,경북 예천서 코로나19 확진자 1명 추가…누적 43명,"(예천=연합뉴스) 한무선 기자 = 경북 예천에서 신종 코로나바이러스 감염증(코로나19) 확진자가 1명 더 나왔다.교대 근무 들어가는 코로나19 대응 의료진[연합뉴스 자료 사진]    30일 예천군에 따르면 기존 확진자의 가족인 47세 남성이 자가격리 중 양성 판정을 받았다.    예천읍에 사는 이 남성은 가족이 코로나19에 감염돼 지난 15일부터 자가격리에 들어갔다.    그는 계속 음성 판정을 받았으나 자가격리 해제를 앞두고 마지막으로 받은 검사 결과 양성으로 나왔다.     이로써 예천지역 확진자는 모두 43명으로 늘었다.    예천군 측은 ""추가 확진자는 자가격리 중이어서 외부 이동 동선이 없다""고 밝혔다.    mshan@yna.co.kr▶코로나19 속보는 네이버 연합뉴스에서 [구독 클릭]▶[팩트체크] 연합뉴스가 확인한 '팩트' 이렇습니다▶제보하기",https://news.naver.com/main/read.nhn?mode=LSD&mid=sec&sid1=102&oid=001&aid=0011582367
108,2020.05.01.,뉴시스,경북서 코로나19 신규 확진자 다시 1명 발생...예천 지역감염,"[대구=뉴시스] 이무열 기자 = 신종 코로나바이러스 감염증(코로나19) 확산을 막기 위해 육군 50사단 장병들이 지난달 29일 오전 대구 동구 신암동 신암지역아동센터에서 방역작전을 펼치고 있다. 2020.04.29.lmy@newsis.com[안동=뉴시스] 류상현 기자 = 경북에서 신종 코로나 바이러스 감염증(코로나19) 신규 확진자가 이틀 연속 한 명도 발생하지 않다가 다시 1명이 늘었다.1일 경북도에 따르면 이날 0시 기준 전날의 코로나9 신규 확진자는 1명으로 예천에서 지역감염이다.이에 따라 누적 확진자는 1323명으로 늘었다. 이날까지 시군별 누적 확진자는 경산 632, 청도 142, 봉화 71, 구미 68, 안동 53, 포항 52, 칠곡 경주 각 49, 의성 예천 각 43, 영천 36, 성주 21, 김천 19, 상주 15, 고령 9, 군위 6, 영주 5, 문경 3, 영덕 청송 영양 각 2, 울진 1명이다.사망자는 나오지 않아 누적 56명이고 3명이 완치돼 누적 완치자는 1101명으로 늘었다.현재 입원 환자는 165명으로 전날보다 3명이 줄었다.☞공감언론 뉴시스 spring@newsis.com▶ 네이버에서 뉴시스TV 구독하기▶ K-Artprice, 유명 미술작품 가격 공개▶ 뉴시스 빅데이터 MSI 주가시세표 바로가기 <ⓒ 공감언론 뉴시스통신사. 무단전재-재배포 금지>",https://news.naver.com/main/read.nhn?mode=LSD&mid=sec&sid1=102&oid=003&aid=0009842440
118,2020.05.01.,연합뉴스,"브라질 연방판사 ""대통령 코로나19 검사 결과 공개 안하면 벌금""(종합)","정부가 제출한 의료 보고서 인정 거부…""48시간내 공개하라"" 판결(상파울루=연합뉴스) 김재순 특파원 = 자이르 보우소나루 브라질 대통령의 신종 코로나바이러스 감염증(코로나19) 검사를 둘러싸고 논란이 가열하고 있다.    30일(현지시간) 브라질 언론에 따르면 상파울루 지역 연방법원의 루시아 페트리 베투 판사는 정부 측 변호인에게 보우소나루 대통령의 코로나19 검사와 관련된 모든 문건을 48시간 안에 공개하라고 판결했다.    베투 판사는 판결을 이행하지 않으면 매일 5천 헤알(약 110만 원)씩 벌금을 부과하겠다고 밝혔다.    베투 판사는 정부 측 변호인이 이날 보우소나루 대통령의 코로나19 검사 결과 대신에 보낸 의료 보고서를 인정하지 않았다.    정부 측 변호인은 대통령 건강 관련 업무를 담당하는 부서가 지난달 18일 작성한 이 보고서를 법원에 제출하면서 ""보고서에는 의료진이 대통령의 건강을 관찰하고 있으며, 3월 12일과 17일 이뤄진 코로나19 검사에서 음성 판정을 받았다는 사실이 기록돼 있다""고 말했다.    그러나 이 보고서에는 보우소나루 대통령이 코로나19 검사를 언제 받았고 어떤 결과가 나왔는지에 관한 기록은 없는 것으로 알려졌다.자이르 보우소나루 브라질 대통령보우소나루 대통령이 30일(현지시간) 브라질리아 대통령궁 앞에서 지지자들에게 손을 흔들고 있다. [국영 뉴스통신 아젠시아 브라질]보우소나루 대통령은 지난달 7∼10일 미국을 방문하고 귀국한 뒤 12일과 17일 두 차례 검사를 받았으나 소셜미디어(SNS)를 통해 음성 판정을 받았다고만 밝혔을 뿐 문건을 공개하지는 않았다. 23일 세 번째 검사를 받겠다고 했으나 역시 결과에 대해서는 입을 닫고 있다.     방미 일정을 동행한 인사 가운데 20여명이 확진 판정을 받은 것으로 알려지면서 보우소나루 대통령의 검사 결과를 공개해야 한다는 주장이 확산했다.    하원 지도부가 지난 15일 대통령실에 30일 안에 코로나19 검사 결과를 공개할 필요가 있다는 뜻을 전달했으나 이에 대해서도 아무런 답변을 하지 않았다.    이후 브라질 일간 에스타두 지 상파울루는 정보공개법에 근거해 대통령의 코로나19 검사 결과를 공개하라며 소송을 제기했고, 베투 판사는 지난 27일 정부 측에 대통령의 코로나19 검사 결과와 관련된 모든 문건을 공개하라는 판결을 내렸다.    베투 판사는 ""대통령의 코로나19 검사 결과를 공개하지 않는 것은 정보의 투명성 제고와 정보 접근권을 제약하는 위법 행위""라고 밝혔다.    fidelis21c@yna.co.kr▶코로나19 속보는 네이버 연합뉴스에서 [구독 클릭]▶[팩트체크] 연합뉴스가 확인한 '팩트' 이렇습니다▶제보하기",https://news.naver.com/main/read.nhn?mode=LSD&mid=sec&sid1=104&oid=001&aid=0011582593
124,2020.05.01.,국민일보,文대통령 지지율 64%… TK·60대 이상도 “코로나 잘한다”,"1년6개월 만에 가장 높은 수준… 9주 연속 상승세문재인 대통령이 지난 4월 24일 청와대 여민관에서 시릴 라마포사 남아프리카공화국 대통령과 전화 통화하고 있다. 청와대 제공문재인 대통령의 지지율이 연일 고공행진을 이어가며 60%대 중반을 찍었다. 대구·경북(TK) 지역과 60대 이상에서도 긍정평가가 높았다. 문재인정부의 신종 코로나바이러스감염증(코로나19) 대응에 대한 국민들의 긍정적 평가가 반영된 것이다.한국갤럽이 지난 28∼29일 전국 18세 이상 1000명을 대상으로 조사한 결과(95% 신뢰수준에 표본오차 ±3.1%포인트) 문 대통령의 직무수행 긍정평가는 1주일 전보다 2% 포인트 오른 64%로 나타났다. 2018년 10월 둘째 주(65%) 이후 1년6개월여 만에 가장 높은 수준이다. 문 대통령 지지율은 9주 연속 상승세를 보이고 있다.한국갤럽 문재인 대통령 직무수행 평가. 한국갤럽 제공직무수행 부정평가는 4% 포인트 떨어진 26%였다. 어느 쪽도 아님은 4%, 모름·응답거절은 6%였다.연령별로는 40대(74%)와 30대(72%)에서 지지도가 70%를 넘었다. 30·40 세대의 강한 지지 성향이 확인됐다. 50대(64%), 18∼29세(60%)에서도 60%대 지지도를 보였다. 특히 60대 이상에서 긍정평가(55%)가 부정평가(31%)보다 높았다. 60대 이상 고령층에서도 문 대통령에 대한 지지율이 높아진 것으로 보인다.또 지역별로는 대구·경북에서도 긍정평가(53%)로 부정평가(37%)를 앞섰다. 무당층에서도 긍정평가(42%)가 부정평가(33%)보다 높았다.직무수행 긍정평가 이유로는 코로나19 대처(58%), 전반적으로 잘한다(5%), 최선을 다함·열심히 한다(4%) 순이었다. 코로나19 대처는 12주째 긍정평가 이유 1위를 기록하고 있다. 부정평가 이유로는 경제·민생 문제 해결 부족(29%), 북한 관계 치중·친북성향(11%), 코로나19 대처 미흡(8%) 등이 꼽혔다.한국갤럽은 “월 통합 기준으로 2018년 11월부터 올해 3월까지 60대 이상, 대구·경북 지역, 무당층에서는 계속해서 대통령 직무 부정률이 긍정률을 10∼40%포인트 앞섰다”며 “최근 몇 주간 그 격차가 크게 감소했고 이번 주는 세 그룹 모두에서 긍정률 우세로 반전했다”고 설명했다.자세한 여론조사 개요 및 결과는 한국갤럽이나 중앙선거여론조사심의위원회 홈페이지를 참조하면 된다.이상헌 기자 kmpaper@kmib.co.kr▶ 네이버에서 국민일보를 구독하세요(클릭)▶ 국민일보 홈페이지 바로가기GoodNews paper ⓒ 국민일보(www.kmib.co.kr), 무단전재 및 재배포금지",https://news.naver.com/main/read.nhn?mode=LSD&mid=sec&sid1=100&oid=005&aid=0001317103
125,2020.05.01.,매일신문,"코로나19 대구 신규확진 이틀 연속 0명…""사태 이후 처음""","지난달 30일부터 누적 6천852명 유지…지난달 10일 이후 4번째 '0명' 기록제21대 국회의원 선거 투표일인 15일 대구 중구 계명대학교 대구동산병원에서 근무를 마친 의료진들이 방호복을 탈의한 뒤 이야기를 하며 휴게실로 향하고 있다. 연합뉴스코로나바이러스감염증-19(코로나19) 대구 신규 확진자가 사태 이후 처음으로 이틀 연속 0명을 기록했다.1일 대구시와 중앙방역대책본부에 따르면 이날 0시 기준 코로나19 대구 누적 확진자는 전날과 같은 6천852명이다.방역 당국은 ""지난달 30일에 이어 이틀 연속 추가 확진자가 없었다""고 밝혔다.대구 신규 확진자는 지난 2월 29일 하루 741명까지 나오며 정점을 찍은 이후 감소 흐름을 보였다.일일 신규 확진자 수가 0명을 기록한 것은 지난달 10일 이후 이번이 네 번째다. 이틀 연속 0명 기록은 이번이 처음이다.대구시는 코로나19 상황이 안정화 흐름을 보이자 그간 경증 환자 격리치료에 활용한 생활치료센터 운영을 지난달 30일 모두 종료했다. 생활치료센터는 지난 3월 2일 중앙교육연수원을 시작으로 도입해 최다 15개 시설까지 운영했다.생활치료센터는 대구에서 코로나19 확진자가 폭발적으로 늘자 입원 병상을 확보하기 어려워지면서 보건당국이 경증·중증 확진자를 분리 치료하기로 결정해 처음 도입한 시설이다. 사태 초기 대구에선 집에서 입원 순서를 기다리던 대기 환자가 잇따라 숨진 바 있다.대구 확진 환자의 감염 유형을 보면 신천지 교인이 4천261명(62.2%)으로 가장 많았다. 이어 고위험군 시설·집단 540명(7.9%), 기타 2천51명(29.9%) 등이다.경북 누적 확진자는 전날보다 1명 늘어난 1천366명이다. 이날 국내에서 나온 유일한 지역내 감염 사례다. 같은 날 나온 국내 신규 확진자는 9명으로, 경북 사례 1명을 제외한 8명은 해외 입국자로 확인됐다.홍준헌 기자 hjh@imaeil.com▶ 네이버에서 매일신문 구독하기▶ 매일신문 네이버TV 바로가기ⓒ매일신문 - www.imaeil.com",https://news.naver.com/main/read.nhn?mode=LSD&mid=sec&sid1=102&oid=088&aid=0000645601
126,2020.05.01.,연합뉴스,"대구 신규 확진 이틀 연속 0명…""코로나19 사태 이후 처음""","코로나가 바꾼 일상    대구 신천 산책로에서 시민들이 장갑을 낀 채 산책을 하고 있다. [연합뉴스 자료사진] (대구=연합뉴스) 류성무 기자 = 신종 코로나바이러스 감염증(코로나19) 대구지역 신규 확진자가 이틀 연속 0명을 기록했다.    1일 대구시와 중앙방역대책본부에 따르면 이날 0시 기준으로 코로나19 대구 누적 확진자는 전날과 같은 6천852명이다.    방역 당국은 ""이틀 연속 추가 확진자가 없었다""고 밝혔다.    대구지역 신규 확진자는 지난 2월 29일 하루 741명까지 늘기도 했으나 이후 감소 흐름을 보였다.    일일 신규 확진자 수가 0명을 기록한 것은 지난달 10일 이후 이번이 네 번째다. 이틀 연속 0명 기록은 이번이 처음이다.    대구시는 코로나19 상황이 안정화 흐름을 보이면서 경증 환자 격리치료에 이용한 생활 치료센터 운영을 지난달 30일 모두 종료했다.'마스크 없는 일상을 그리며'    (대구=연합뉴스) 대구시 중구 대봉동 김광석길에서 마스크를 쓴 시민이 길을 걷고 있다. [연합뉴스 자료사진]생활 치료센터는 코로나19 사태 초기 대구에서 확진자가 급증하면서 자가 입원 대기 환자가 사망하는 등 안타까운 상황이 발생하면서 보건당국이 중·경증 확진자 분리 치료를 결정하면서 처음 탄생했다.    지난 3월 2일 중앙교육연수원을 시작으로 많을 때는 15개 시설까지 확대됐다.     지역 총 확진 환자의 감염 유형은 신천지 교인이 4천261명(62.2%)으로 가장 많다.     이어 고위험군 시설·집단 540명(7.9%), 기타 2천51명(29.9%) 등이다.    경북지역 누적 확진자는 전날보다 1명이 늘어난 1천366명이다.     tjdan@yna.co.kr▶코로나19 속보는 네이버 연합뉴스에서 [구독 클릭]▶[팩트체크] 연합뉴스가 확인한 '팩트' 이렇습니다▶제보하기",https://news.naver.com/main/read.nhn?mode=LSD&mid=sec&sid1=102&oid=001&aid=0011582844
130,2020.05.01.,연합뉴스,러시아 코로나19 치명률 1%…사망자 상대적으로 적은 이유는?,"소련시절 무료 보건시스템 근간 유지, 개인부담없이 진단""자체 진단키트 개발로 검사건수 크게 늘려…하루 20만건 육박""65세 이상 고령자 조기 격리로 전염병 취약층 감염 차단 성공(모스크바=연합뉴스) 유철종 특파원 = 러시아의 신종 코로나바이러스 감염증(코로나19) 확진자가 30일(현지시간) 10만명을 넘었지만 사망자는 1천여명으로 감염증이 심각한 다른 나라들에 비해 상대적으로 상당히 낮은 수준을 유지하고 있다.     러시아 정부의 신종 코로나바이러스 감염증(코로나19) 유입·확산방지 대책본부에 따르면 이날 현재 코로나9 확진자는 10만6천498명, 사망자는 1천73명으로 늘어났다.    확진자 대비 사망자 비율을 나타내는 치명률은 1% 수준이다.     세계적으로 치명률이 높은 프랑스(14.5%), 이탈리아(13.5%), 스페인(10.2%) 등은 물론 유럽에서 코로나19 대응 모범 국가로 평가받는 독일(4%)이나 세계적 모범 국가인 한국(2.3%)에 비해서도 현저히 낮다. 러시아 의료진. [타스=연합뉴스 자료사진]    러시아의 치명률이 낮은 수준에 머무는 이유에 대해 러시아 주재 세계보건기구(WHO) 대표 멜리타 부이노비치는 상대적으로 잘 갖춰진 보건·방역 시스템을 꼽는다.     옛 소련 시절의 무료 보건시스템이 많은 부분 그대로 유지되면서 주민들이 개인적 의료비 부담 없이 기본적인 검진과 치료를 신속하게 받을 수 있다는 것이다.    감염자가 며칠 동안 병원에 가지 못하다 병이 상당 정도 진행된 뒤에야 입원하는 미국이나 일부 유럽국가들의 상황과 비교하면 러시아의 보건 시스템은 잘 작동하고 있다는 설명이다.     러시아 주민은 누구든 감염 증상이 있으면 구급센터로 전화를 해 의료진을 집으로 불러 검진을 받을 수 있다.     최근엔 코로나19 검진 검사를 전문적으로 하는 사설 유료 의료시설도 많이 생겨나 병원에 가지 않고 집에서 검사를 받을 수 있다.     러시아는 또 전염병 확산 초기에 자체 진단키트를 개발해 검진 검사 능력을 크게 키웠다.     이에 따라 3월 초 하루 2천500건 정도이던 검진 검사 건수가 꾸준히 늘어나서 지금은 하루 20만 건에 육박하고 있다. 세계적 수준의 진단 규모다.    감염병 전문병원을 서둘러 신설하거나 기존 의료시설을 감염병 치료용으로 바꾸는 등의 조치를 통해 환자를 수용할 수 있는 병상 규모도 크게 늘렸다.     자체 진단키트로 광범위한 검진 검사를 실시하고 조기에 감염자를 발견해 치료하면서 사망률을 낮출 수 있었다는 분석이 나온다.     러시아 보건당국에 따르면 현재 신규 확진자의 약 40%가 무증상이며, 중환자 비율은 5% 수준에 불과하다.     여기에 전염병에 취약한 고령자들의 대규모 감염을 차단하는 데 성공한 것도 주효했다는 평가다.    감염자가 집중된 수도 모스크바시는 러시아 전체 확진자가 1천명 이하 수준에 머물던 지난달 26일부터 65세 이상 고령자와 지병이 있는 사람에 대해서는 자가격리에 들어가도록 조치한 바 있다. 이후 다른 많은 지역도 유사한 조치를 취했다.     현재 러시아에선 전체 감염자의 15% 정도만이 65세 이상 고령자인 것으로 파악된다.     조기 자가격리 조치를 통해 일단 감염되면 위험할 수 있는 고령자들의 발병을 사전 차단함으로써 치명률을 낮출 수 있었다는 것이다. 30일 현재 러시아 전국의 코로나19 확진 상황. 원이 클수록 확진자가 많다는 의미. [타스 자료=연합뉴스]cjyou@yna.co.kr▶코로나19 속보는 네이버 연합뉴스에서 [구독 클릭]▶[팩트체크] 연합뉴스가 확인한 '팩트' 이렇습니다▶제보하기",https://news.naver.com/main/read.nhn?mode=LSD&mid=sec&sid1=104&oid=001&aid=0011582474
136,2020.05.01.,KBS,"미 정보기관 “코로나19 바이러스, 사람이 만든 것 아니다”","미국 정보기관을 총괄하는 국가정보국(DNI)이 코로나19를 유발하는 바이러스는 사람이 만든 것이 아니라는 데 동의한다고 밝혔습니다. 중국의 인공 바이러스가 유출됐다는 음모론적 주장을 반박한 셈이지만, DNI는 중국의 우한 바이러스연구소가 유출지인지는 계속 조사하겠다는 입장을 피력했습니다.  DNI는 현지시각 30일 성명을 내고 ""정보기관들은 바이러스가 사람이 만들거나 유전자적으로 변형된 것이 아니라는 광범위한 과학적 합의에 동의한다""고 밝혔습니다. 그러나 DNI는 ""정보기관들은 발병이 감염된 동물과 접촉을 통해 시작됐는지, 또는 우한에 있는 한 연구소 사고의 결과인지를 판단하기 위해 새로운 정보를 엄격하게 계속 조사할 것""이라고 말했습니다. 미국에서는 중국 우한에서 코로나19 발병이 시작됐다고 알려진 이후 우한연구소가 발원지일 수 있다는 주장이 제기됐습니다. 우한연구소에서 생물 무기 프로그램 개발 목적으로 사람이 만든 바이러스가 유출됐다는 음모론이 나오는가 하면, 코로나19는 우한연구소가 에이즈 바이러스 등을 합성한 것이라는 주장도 나왔습니다.  DNI의 이날 성명은 코로나19 바이러스가 자연 발생적이라는 데 힘을 실은 것입니다. AP통신은 ""과학자들은 바이러스가 박쥐에서 자연적으로 생겨났다고 말한다""며 ""미 정보당국이 음모론이 틀렸음을 드러낸 것""이라고 전했습니다. 다만, DNI가 우한연구소를 포함해 바이러스 발원 문제를 계속 조사하겠다고 밝힌 것은 우한연구소의 느슨한 안전 기준 때문에 감염자가 발생해 인근으로 퍼져나갔다는 주장을 검증하겠다는 의미로도 읽힙니다.  AP통신은 그동안 도널드 트럼프 대통령이나 마이크 폼페이오 국무장관이 우한연구소를 발원지로 의심하는 듯한 발언을 내놓고 중국이 반발하며 외교적으로 마찰하는 양상까지 보였다고 지적했습니다. [사진 출처 : AFP=연합뉴스]▶ ‘ 코로나19 확산 우려’ 최신 기사 보기http://news.kbs.co.kr/news/list.do?icd=19588노윤정 기자 (watchdog@kbs.co.kr)▶ ‘코로나19 팩트체크’ 제대로 알아야 이긴다▶ 우리 동네 무슨 일이? KBS지역뉴스▶ 더 빠르고 정확한 소식을 원하시면 KBS뉴스 구독!",https://news.naver.com/main/read.nhn?mode=LSD&mid=sec&sid1=104&oid=056&aid=0010828181
